Age,1860,1861,1862,1863,1864,1865,1866,1867,1868,1869,1870,1871,1872,1873,1874,1875,1876,1877,1878,1879,1880,1881,1882,1883,1884,1885,1886,1887,1888,1889,1890,1891,1892,1893,1894,1895,1896,1897,1898,1899,1900,1901,1902,1903,1904,1905,1906,1907,1908,1909,1910,1911,1912,1913,1914,1915,1916,1917,1918,1919,1920,1921,1922,1923,1924,1925,1926,1927,1928,1929,1930,1931,1932,1933,1934,1935,1936,1937,1938,1939,1940,1941,1942,1943,1944,1945,1946,1947,1948,1949,1950,1951,1952,1953,1954,1955,1956,1957,1958,1959,1960,1961,1962,1963,1964,1965,1966,1967,1968,1969,1970,1971,1972,1973,1974,1975,1976,1977,1978,1979,1980,1981,1982,1983,1984,1985,1986,1987,1988,1989,1990,1991,1992,1993,1994,1995,1996,1997,1998,1999,2000,2001,2002,2003,2004,2005,2006,2007,2008,2009,2010,2011,2012
0,65867,71072,69451,68038,66606,65268,64027,62883,61838,63979,67164,70134,69043,67809,67266,67837,70002,68913,67681,66055,71720,73207,71667,70525,72156,70431,70017,69179,71870,71844,69572,73957,74027,75565,74948,74514,79727,80828,81524,83282,83661,87329,86915,84837,85110,85176,87009,85796,87301,84017,86274,82635,85034,82381,79814,68673,68954,67678,67621,66688,76528,76323,72291,72036,69982,69127,69609,67010,66832,65892,67475,65722,65897,65012,64825,63822,62453,60493,61774,61808,61590,69641,76378,80450,82783,85600,86200,85000,85100,82400,83000,80400,82600,82400,83700,85600,88200,91100,91300,92000,92726,97507,101661,106632,110044,110040,107323,104118,101540,96767,95953,94896,89336,84980,81124,74803,72158,71893,70404,70683,73323,73481,74655,73705,74012,74001,75506,76066,79650,80641,83271,85299,85761,82874,82032,81523,82475,79916,78032,77838,77642,71817,71989,71520,72863,72545,73043,74275,76316,77786,78031,78426,79621
1,59517,59280,69250,67730,66420,65033,63743,62549,61453,60456,62989,61783,68649,67755,66539,66179,67080,69733,68526,67189,65437,66146,67807,66706,65821,67330,65954,65596,64653,67195,67543,64831,70133,69773,70842,70446,70825,75550,76425,77295,78093,79266,83448,82715,80382,80950,81195,83236,82441,83342,80314,82415,79836,81777,79420,76939,66450,67134,65387,65615,64293,74546,74880,71004,70733,68685,67845,68375,65893,65739,64829,66456,64757,65128,64248,63929,63091,61637,59869,61143,60909,60968,69186,75715,79684,82031,85211,85835,84658,84678,81654,83042,80324,82632,82392,83484,85236,87484,90283,90119,90073,93174,97261,100877,105761,109721,108988,105797,102379,99546,96764,95510,93282,87792,82541,78425,72847,70920,70691,69886,70714,73204,73361,74377,73261,73816,73788,75161,75746,79275,80620,83173,85226,86061,83091,82512,81620,82315,79931,78817,78401,72269,72382,72448,71740,73017,73004,73179,75269,77073,79351,81663,81185
2,53778,56541,56317,67427,66008,64800,63462,62218,61072,60022,59074,60469,58695,67164,66467,65268,65090,66323,69464,68139,66697,63855,64476,66222,64817,63674,65952,64584,64240,63330,65807,65992,63631,68858,68235,69671,69222,69669,74240,75194,75890,76985,78279,82265,81370,79082,79853,79901,82331,81271,82132,79401,81289,78797,80605,78255,75831,65366,66223,64710,64764,63812,73834,74524,70630,70243,68251,67335,67957,65499,65378,64557,66084,64514,64826,63896,63625,62744,61336,59658,60774,60700,60801,69083,75505,79479,81923,84955,85542,84264,84510,82022,83362,80656,82791,82447,83343,84782,86885,89415,89052,91017,93661,97206,100540,105680,108880,107612,104541,101037,99696,96471,94632,91985,86721,81286,76987,72442,70867,71059,70038,71068,73145,72943,73897,72807,73499,73464,74919,75314,79763,81040,84425,86138,86570,83603,82518,81432,82122,80158,79056,75938,73003,73067,73084,72167,73567,74009,74506,76314,78793,80196,82560
3,52212,53576,56114,55986,65604,64286,63182,61889,60692,59593,58592,58656,59936,58417,65679,65180,63999,64002,65567,69195,67753,65292,63079,63658,65165,63463,62353,65305,63906,63579,62816,64904,65285,62845,68027,67642,69090,68559,68918,73580,74463,75320,76671,77826,81657,80775,78528,79320,79235,81867,80643,81508,78978,80555,78237,79858,77498,75035,64430,65809,64240,64486,63595,73405,74353,70432,69992,67975,67011,67802,65314,65231,64301,66001,64363,64671,63695,63430,62562,61162,59496,60656,60621,60718,69069,75395,79372,81765,84772,85252,84165,84973,82417,83771,80893,82921,82362,82943,84227,86080,88529,90027,91784,93974,97139,100481,105240,107595,106350,103523,100982,99365,96289,93800,91730,85668,80182,76887,72759,71172,71361,70443,71274,73443,73170,74097,73029,73944,74038,75004,76608,81365,82077,85531,86817,87203,83631,82405,81431,82316,80382,77276,76560,73642,73473,73480,72529,74417,75044,75233,77708,79522,80900
4,50690,52039,53372,55688,55656,63781,62565,61563,60317,59167,58115,58165,58239,59404,58139,64195,63892,62729,62914,64811,68926,66515,64219,62866,63066,64291,62426,61302,64872,63310,63184,62445,64438,64694,62236,67680,67228,68736,68102,68399,73097,74081,75134,76541,77467,81211,80423,78186,78965,78710,81573,80183,81172,78659,79955,77801,79253,76860,74174,63728,65418,64013,64308,63493,73034,74269,70309,69769,67769,66794,67749,65232,65058,64376,65892,64238,64596,63558,63295,62428,61030,59412,60570,60573,60653,69095,75294,79245,81628,85106,85171,84663,85397,82841,84024,81048,82859,81991,82405,83486,86124,89570,90818,92272,94148,97123,100302,104527,106431,105315,103424,100613,99066,95933,94051,90690,84571,79959,77186,72657,71349,71756,70900,71808,73895,73631,74515,73633,74642,74383,76380,78209,82364,83054,86142,87425,87177,83533,82326,81602,82429,78991,77909,77034,74203,73835,73890,73327,75432,75764,76746,78288,80183
5,49214,50546,51866,53168,55261,55326,61959,60842,59944,58744,57642,57675,57737,57821,58872,57861,62710,62604,61459,61826,64054,67871,65574,63605,62811,62623,63707,61616,60378,64400,62919,62864,62356,64021,64190,61910,67399,66985,68420,67678,68005,72814,73911,74995,76465,77261,80905,80199,77956,78656,78280,81188,79818,80813,78451,79409,77473,78691,76134,73517,63063,65231,63866,64174,63414,72691,74223,70212,69603,67605,66615,67572,65092,65119,64385,65807,64155,64493,63482,63220,62314,60907,59287,60518,60541,60625,69002,75655,79850,81846,85136,85362,84533,85002,82242,83331,80395,82296,81868,82666,84038,87264,90406,91323,92552,94166,97137,100025,103861,105472,105204,103244,100422,98979,96343,92620,89066,83845,79705,76989,73346,72270,72599,71488,72330,74460,74420,75531,74795,75817,76428,78676,79455,83464,83956,86822,87073,86784,82956,81986,80952,81561,79540,78548,77582,74600,74243,74650,74289,76170,76774,77429,78980
6,47780,49036,50401,51692,52966,54834,54995,60136,59121,58325,57172,57225,57234,57310,57403,58340,57584,61226,61316,60189,60738,63449,66990,64938,63057,62877,62359,63199,60907,60410,64072,62592,62749,62294,63684,63927,61658,67230,66784,68158,67356,68268,72673,73793,74891,76480,77154,80660,80034,77749,78456,78057,80852,79510,80554,78286,78905,77167,78012,75547,72890,62983,65092,63738,64082,63361,72372,74206,70120,69454,67482,66573,67448,65122,65100,64388,65756,64079,64444,63427,63128,62226,61025,59178,60460,60549,60840,69151,75775,79764,81865,85306,85606,84715,85259,82455,83521,80460,82388,81759,82304,85042,88186,90954,91549,92649,94343,97158,99766,103319,105624,105039,102834,100064,98962,94328,90441,87670,83216,79231,76778,73500,72328,72544,71419,72358,74695,74776,76026,75340,76985,77770,79701,80446,84129,84522,86821,86947,86973,83202,82219,81100,82130,79978,78938,77877,75034,74903,75533,74999,76943,77450,78127
7,46389,47660,48857,50256,51518,52762,54407,54666,58313,57399,56706,56798,56809,56795,56882,56986,57807,57306,59741,60029,58920,60248,62987,66328,64330,62614,63016,62156,62720,60968,60527,63793,62404,62617,62272,63535,63719,61489,67099,66654,67956,67658,68631,72574,73689,74837,76599,77059,80516,79890,77597,78261,77885,80577,79266,80335,78128,78438,76794,77473,74922,72809,62953,64965,63651,63998,63323,72047,74184,70061,69349,67465,66465,67263,65104,65084,64401,65697,64041,64413,63360,63070,62301,61177,59059,60420,60764,60985,69248,76051,79806,82036,85554,85796,84978,85479,82628,83590,80549,82267,81681,83611,85853,88797,91220,91574,92929,94606,97177,99556,103395,105360,104390,102294,100024,97301,92572,89324,87019,82744,79047,76774,73482,72222,72452,71428,72520,75024,75173,76495,76357,77945,78887,80611,81026,84673,84585,86695,87205,87343,83416,82625,81565,82644,80466,79265,78316,75821,75853,76195,75624,77458,78023
8,46493,46322,47538,48679,50112,51344,52558,53981,54335,55001,55678,56367,56424,56392,56354,56454,56568,57276,57028,57001,58741,58648,59836,62624,65690,63783,62208,63247,61994,62885,61102,60629,63574,62223,62514,62418,63412,63546,61363,67006,66540,68303,68033,69037,72471,73608,74841,76715,77030,80385,79785,77448,78127,77728,80340,79026,80134,77997,77904,76506,76956,74852,72772,62918,64879,63572,63935,63296,71729,74174,70028,69352,67369,66580,67131,65105,65096,64429,65658,63998,64375,63294,63083,62367,61309,58949,60635,60921,61099,69018,76130,79996,82288,85757,86058,85197,85665,82704,83692,80428,82134,83680,84670,86372,89083,91279,91776,93333,94833,97201,99586,103284,105400,104091,102346,98989,96186,92029,89240,86962,82819,79270,76899,73466,72203,72528,71744,72890,75599,75722,77472,77003,78963,79832,81325,81562,85000,84731,86886,87688,87522,83634,83226,82038,83018,80803,79670,79033,76736,76534,76637,76270,78084
9,46598,46362,46255,47416,48501,49967,51171,52356,53555,54006,54667,55348,56026,56050,55976,55914,56027,56150,56409,56797,56773,58330,58469,59522,62308,65091,63312,61853,63480,61609,63060,61284,60847,63385,62057,62547,62548,63292,63396,61224,66916,66914,68707,68439,69412,72386,73582,74851,76846,77039,80251,79668,77343,78004,77609,80091,78783,79938,77756,77443,76233,76915,74849,72751,62916,64776,63484,63876,63264,71423,74178,70035,69260,67501,66572,67004,65096,65107,64484,65643,63956,64359,63262,63098,62439,61456,59159,60788,61028,62021,69063,76400,80319,82530,86063,86338,85391,85750,82803,83580,80603,85206,85283,85344,86607,89131,91532,92120,93676,95042,97286,99476,103392,105507,104121,101623,98120,95767,92004,89263,87107,83151,79413,76992,73586,72339,72843,72153,73448,76148,76717,77969,78120,79979,80499,81957,81808,85031,85027,87429,87997,87509,84276,83690,82543,83386,81254,80350,80000,77478,77076,77256,76848
10,46704,46402,46230,46189,47295,48323,49822,50998,52152,53128,53675,54312,55018,55686,55677,55559,55473,55599,55733,56211,56472,56432,57942,58312,59226,62020,64548,62894,61508,63129,61279,63271,61503,61073,63201,61956,62604,62689,63214,63270,61111,67325,67346,69136,68839,69822,72333,73584,74910,76995,77063,80168,79582,77251,77901,77511,79835,78566,79668,77647,77015,76217,76912,74843,72737,62913,64694,63413,63812,63249,71169,74058,69936,69388,67532,66599,66895,65089,65121,64541,65631,63932,64323,63238,63123,62523,61674,59542,61123,61150,62177,68992,75822,79445,81715,85171,85944,85094,85485,82684,83452,84527,87710,86350,85606,86634,89386,91903,92414,93986,95221,97157,99619,103585,105641,103423,100943,97821,95785,92142,89605,87467,83326,79475,77067,73765,72738,73326,72804,74087,77225,77318,79118,79039,80593,81270,82261,81884,85373,85632,87798,88083,88121,84833,84238,82904,83802,81905,81271,80666,81863,77650,77822
11,46808,46443,46205,46097,46122,47173,48144,49677,50824,51948,52702,53301,53956,54688,55346,55303,55143,55034,55172,55315,55679,56031,56107,57618,58208,58935,61782,64073,62482,61472,62817,60940,63520,61741,61343,63086,61882,62654,62862,63147,63155,61218,67784,67771,69540,69263,70272,72325,73620,74955,77191,76607,80116,79506,77170,77799,77406,79591,78252,79470,77516,76751,76230,76939,74877,72734,62915,64608,63338,63750,63233,71091,73957,70083,69424,67541,66637,66795,65104,65152,64595,65634,64130,64277,63214,63154,62901,61732,59640,61228,61229,62220,69010,76093,79886,82076,85931,86204,85203,85742,83137,87091,87719,89395,86734,85577,86834,89769,92225,92671,94231,95053,97290,99807,103651,105057,102786,100749,97858,95982,92584,90003,87668,83347,79645,77235,74099,73246,73961,73456,75103,77943,78467,80047,79772,81340,81549,82436,82277,86017,85931,87651,88654,88584,85228,84623,83293,84431,82742,82047,81552,82547,78325
12,46914,46485,46182,46009,45965,46056,47052,47966,49532,50651,51746,52314,52927,53602,54359,55006,54930,54727,54593,54744,54898,55276,55610,55825,57287,58103,58685,61553,63564,62453,61422,62510,60648,63767,61983,61619,62993,61808,62734,63054,63089,63284,61365,68213,68186,69969,69708,70724,72310,73597,75013,76752,76190,80062,79458,77092,77708,77312,79245,78058,79270,77276,76533,76265,76970,74886,72765,62928,64527,63252,63695,63169,71004,73809,70125,69461,67567,66658,66683,65114,65165,64646,65817,64327,64249,63211,63536,62963,61844,59663,61336,61337,62340,69313,76550,80294,82637,86199,86316,85455,85519,87480,90284,89858,89990,86667,85779,87163,90106,92498,92928,94061,95222,97475,99879,103178,104409,102490,100830,98001,96288,92772,90146,87643,83492,79772,77559,74448,73846,74615,74452,75734,79056,79321,80742,80347,81636,81726,82720,82797,86363,86282,88357,89087,88959,85597,85028,83995,85316,83426,82878,82199,83094
13,47286,46527,46160,45921,45811,45834,45989,46931,47788,49387,50477,51297,51926,52553,53246,54029,54666,54556,54310,54153,54318,54447,54845,55225,55517,56975,57992,58426,61335,63562,62439,61397,62238,60348,64023,62247,61902,62885,61732,62795,63242,63246,63447,61466,68636,68617,70388,70138,71167,72303,73602,74651,76326,75750,80021,79373,77012,77583,77079,78988,77833,79030,77054,76302,76311,76967,74904,72770,62926,64435,63180,63645,63099,70908,73689,70153,69492,67601,66683,66565,65123,65193,64806,66023,64519,64205,63595,63603,63072,62010,59754,61496,61514,62681,69749,76981,80591,82879,86310,86565,85684,90477,90730,92392,90510,89888,86941,86125,87450,90390,92885,92805,94278,95435,97446,99481,102626,104208,102529,101141,98344,96405,92795,90072,87777,83655,80048,77909,75042,74503,75493,74705,76983,80040,80072,81562,80621,81842,82091,83407,83276,86547,86897,88898,89607,89395,86084,85659,84901,85947,84163,83428,82755
14,47661,46849,46140,45836,45660,45615,45702,45923,46810,47609,49243,49997,50848,51539,52178,52891,53700,54327,54182,53893,53713,53801,54007,54408,54814,55214,56645,57879,58159,61217,63535,62404,61345,61950,60051,64297,62511,62160,62792,61666,62837,63419,63375,63541,61554,69067,69030,70812,70556,71602,72253,73248,74264,75906,75311,79980,79306,76891,77327,76945,78731,77605,78822,76828,76072,76332,76975,74906,72762,62913,64339,63131,63551,63039,70815,73554,70178,69502,67617,66718,66461,65130,65413,64962,66205,64706,64594,63660,63721,63249,62104,59955,61714,61868,63100,70178,76897,80824,82986,86554,87048,90773,94315,93238,92913,90231,90284,87464,86440,87681,90908,92887,93068,94510,95323,97035,99136,102529,104328,102839,101605,98526,96444,92785,90353,87997,84054,80468,78527,75750,75581,75587,75854,77883,80662,80772,81866,80887,82290,82740,83899,83221,87206,87552,89464,90026,89913,86812,86536,85589,86677,84867,84096
15,48039,47174,46412,45753,45512,45399,45418,45570,45856,46688,47431,48731,49515,50400,51151,51804,52536,53370,53986,53808,53478,53164,53295,53529,53959,54395,54883,56335,57753,58041,61053,63476,62394,61286,61617,59729,64533,62756,62425,62673,61575,62959,63546,63485,63616,61628,69483,69436,71240,70920,71996,71890,72879,73871,75494,74844,79900,79179,76564,77170,76798,78498,77389,78592,76590,75805,76314,76952,74869,72739,62903,64275,63014,63508,62969,70729,73411,70201,69518,67638,66748,66337,65240,65627,65103,66388,65100,65814,64504,64360,63352,62453,60412,62595,63224,64562,71241,77811,82559,85549,85953,92930,94800,97276,93815,92477,90569,91054,87941,86695,89003,91070,93608,93418,94368,94896,96752,99192,102630,104725,103407,101890,98655,96431,93158,90722,88543,84632,81375,79464,76991,76071,76902,76994,78645,81524,81263,82194,81350,82918,83247,83831,84059,87766,88130,89952,90623,90641,87643,87190,86334,87265,85495
16,48420,47501,46687,45975,45366,45188,45139,45221,45438,45789,46567,46952,48220,49035,49951,50764,51430,52180,53040,53646,53434,52855,52587,52747,53035,53457,53972,54560,55937,57511,57867,60873,63414,62328,61205,61235,59389,64752,62999,62649,62508,61444,63070,63656,63549,63654,61667,69838,69813,71602,71304,71091,71503,72471,73434,75044,74355,79733,78748,76358,76969,76208,78284,77160,78342,76342,75545,76267,76929,74811,72696,62714,64151,62981,63418,62882,70615,73269,70205,69528,67642,66752,66587,65339,65818,65245,67259,65790,66472,64882,64510,64151,63278,61382,63596,64012,65068,71743,79460,84084,84053,91333,97611,97398,97977,93264,92920,91403,91772,88304,87836,89380,92033,94065,93223,93861,94434,96618,99351,102979,105236,103771,102007,98656,96861,93565,91347,89293,85730,82327,80747,77793,77709,78061,78026,79636,81983,81742,82687,82085,83587,83312,84619,84838,88402,88851,90625,91380,91549,88364,87747,86936,87907
17,48804,47832,46964,46200,45539,44978,44863,44878,45025,45306,45722,46030,46473,47708,48553,49503,50376,51056,51825,52710,53306,52732,52194,51997,52184,52490,52955,53523,54178,55821,57210,57670,60655,63345,62223,61110,60859,59024,64926,63222,62815,62348,61262,63144,63692,63587,63653,61658,70177,70146,71941,70366,70155,71116,72026,72982,74529,73811,79219,78508,76128,76355,75617,78050,76918,78058,76045,75227,76190,76845,74727,72482,62568,64103,62886,63329,62784,70469,73128,70199,69516,67620,67081,66833,65440,65997,66108,68167,66503,67105,65063,65807,65518,64616,62549,64694,65072,66403,73489,81150,84322,89946,95597,100620,98181,97326,93685,93590,92214,92326,88593,88266,90716,92707,93954,92742,93315,94432,96682,99705,103475,105726,103921,101900,99113,97192,94282,92134,90330,86782,83527,81409,79094,78645,78857,78696,79970,82279,82214,83266,82527,83710,83956,85159,85418,88911,89283,91329,92208,92246,89084,88301,87563
18,48169,48165,47244,46426,45713,45102,44592,44539,44617,44828,45174,45132,45495,45994,47196,48073,49054,49989,50681,51470,52381,52476,52002,51536,51344,51579,51946,52440,53028,54016,55613,56884,57484,60401,63223,62090,60963,60450,58622,65112,63364,62643,62159,61064,63161,63696,63601,63628,61617,70500,70440,70970,69469,69167,70678,71605,72497,73992,72882,78991,78269,75503,75758,75013,77770,76624,77741,75710,74891,76126,76754,74487,72285,62311,64024,62773,63210,62648,70326,72988,70190,69490,67755,67401,67054,65503,66870,66981,69109,67147,67413,66816,67684,67175,66015,63940,66283,67098,68142,75286,85089,89838,95024,98900,101605,97440,97433,94431,94265,92786,90922,88942,89803,91700,92643,93290,92152,93433,94385,97043,100572,104003,106085,103728,102435,99638,98064,95131,93183,91271,87971,84151,82640,80027,79516,79677,79098,80324,82864,82949,83982,82768,84640,84810,85923,86122,89623,90189,92457,93250,93283,90378,89657
19,47542,47546,47526,46655,45889,45226,44664,44205,44215,44357,44632,44618,44541,44958,45515,46685,47591,48605,49601,50307,51115,51587,51638,51233,50850,50669,50979,51364,51905,52802,53834,55431,56571,57246,60185,63073,61935,60793,60029,58237,65249,63167,62420,61901,60829,63164,63700,63605,63623,61569,70839,69474,69992,68508,68195,70253,71129,71960,72942,72248,78737,77609,74893,75128,74409,77472,76301,77405,75373,74535,76041,76492,74280,71995,62097,63892,62656,63083,62507,70172,72788,70171,69489,67904,67698,67267,66363,67748,67912,70006,67462,69273,68808,69432,68616,67492,65636,68445,68850,69931,82229,89313,94565,98630,99785,100949,97639,98311,95683,94723,90167,91204,90298,90883,91784,91682,92582,92034,93104,94548,97545,101036,104314,105798,104282,102943,100319,98685,95707,93590,92015,88566,85159,83532,80966,80268,80169,79467,80816,83671,83725,84628,83693,85658,85766,86979,87015,91081,91776,93854,95171,95014,92082
20,46925,46935,46922,46886,46067,45351,44739,44227,43817,43891,44096,44109,44061,43951,44421,45036,46173,47110,48158,49213,49934,50371,50778,50786,50466,50108,50019,50370,50810,51638,52554,53638,55251,56246,56974,59919,62914,61751,60647,59618,57774,65021,62914,62215,61671,60561,63191,63669,63611,63602,61508,69847,68545,69024,67542,67229,69788,70582,70854,72353,71618,78084,76954,74249,74480,73739,77157,75970,77027,74999,74161,75591,76194,73970,71740,61843,63776,62521,62927,62365,70030,72606,69783,69471,68046,68001,68157,67190,68691,68833,70437,69286,71271,70857,71907,72094,72073,71276,74112,74325,79228,85338,93077,97966,99710,99144,101347,99306,99704,96159,93583,90634,92497,91161,91074,90735,90947,92467,91886,93318,95214,98150,101492,104103,106124,104586,103463,100798,99169,96375,94619,93066,89652,85950,84217,81624,80578,80607,80213,81761,84544,84591,86095,85061,86895,86836,88149,88726,93192,93470,96146,96850,96534
21,46317,46334,46329,46300,46247,45479,44814,44252,43790,43431,43566,43606,43585,43505,43360,43886,44556,45662,46629,47709,48826,49126,49596,49956,49935,49646,49374,49375,49740,50567,51389,52316,53499,55066,55916,56739,59667,62775,61585,60479,59159,57597,64819,62693,61976,61441,60318,63180,63679,63531,63564,60824,68877,67610,68072,66599,66276,69307,69439,70256,71739,71062,77425,76309,73589,73851,73090,76820,75637,76682,74658,73878,75384,75878,73699,71487,61597,63663,62392,62796,62184,69841,72314,69395,69430,68156,68532,68884,68052,69611,69234,72198,71197,73282,72981,74320,74626,74738,73315,76392,79507,82770,88143,95757,98957,99134,99493,103384,101220,100963,94664,94386,92224,93271,91338,89898,90075,90718,92342,92161,94040,96037,98790,101453,104511,106513,105193,104107,101492,99881,97455,95663,93800,90322,86679,84994,81879,80795,81168,80921,82503,85484,85879,87327,86464,87939,87858,89887,90781,94762,95916,97786,98524
22,45717,45712,45742,45722,45677,45608,44891,44276,43765,43354,43043,43109,43116,43063,42948,42769,43349,44078,45150,46147,47260,47964,48325,48864,49138,49055,48850,48699,48695,49515,50252,51150,52058,53317,54878,55588,56502,59449,62622,61443,60302,58953,57396,64584,62438,61740,61168,60041,63221,63669,63494,62850,60156,67937,66692,67145,65676,65280,68146,68916,69744,71193,70501,76754,75658,72980,73201,72429,76487,75279,76341,74361,73591,74700,75601,73417,71210,61388,63546,62262,62651,62058,70086,71998,68986,69389,68689,69209,69667,68906,69987,70877,73997,73134,75420,75379,76756,77115,76789,75554,77220,82111,85554,90268,96424,98425,99650,100868,105540,102960,98421,95595,96447,93254,93448,90591,89529,90280,90897,92939,92972,95274,97230,99216,102107,105161,107305,106127,105022,102343,101418,99061,96769,94894,91284,87512,85289,82073,81495,82134,81895,84532,86942,87327,88616,87587,89072,89816,92228,92527,97690,97770,99704
23,44527,45121,45107,45151,45115,45054,44968,44303,43738,43278,42917,42617,42652,42626,42540,42392,42179,42813,43598,44639,45667,46412,47111,47518,48093,48299,48206,48038,47950,48464,49250,49947,50911,51825,53116,54646,55281,56288,59169,62482,61247,60088,58779,57210,64301,62194,61510,60904,59778,63231,63652,62744,62183,59487,67014,65758,66234,64739,63606,67646,68405,69207,70663,69957,76099,74984,72333,72527,71754,76142,74948,76058,74078,73347,74211,75293,73154,70940,61160,63417,62148,62509,61884,70326,71698,68562,69927,69296,69957,70458,69267,71455,72493,75872,75195,77765,77626,78956,79106,79040,75386,80057,84373,87588,90882,95942,98909,101250,102968,107455,99993,99435,97741,97941,93598,92778,90128,89668,90672,91631,93784,94306,96548,97805,99923,102839,106123,108492,107241,106111,104192,103563,100711,98041,96050,92395,87921,85855,82949,82589,83371,84556,86388,88608,88942,90132,88953,91653,92823,94696,96329,100145,100170
24,43367,43963,44524,44502,44560,44509,44432,44329,43713,43201,42791,42481,42193,42195,42136,42017,41834,41588,42277,43119,44127,44864,45557,46301,46722,47335,47439,47340,47216,47704,48208,48980,49693,50645,51556,52920,54444,54953,56070,58878,62308,61051,59861,58570,56958,64072,61963,61236,60651,59513,63247,62947,62046,61476,58817,66100,64855,65262,62994,62582,67150,67865,68687,70105,69428,75454,74348,71690,71860,71038,75816,74651,75764,73817,73088,73714,75035,72887,70729,60928,63311,62007,62148,61723,70579,71391,69095,70421,69933,70692,70775,70484,72742,74155,77897,77342,79719,79415,80878,81289,79556,78035,82393,85942,88326,90662,96369,100589,103149,104805,104068,100852,101788,99369,98537,92709,92121,90139,89935,91206,92476,94959,95657,97244,98753,100869,103983,107365,109736,108797,108332,107105,105245,102381,99549,97131,92866,88688,86851,84213,84202,86472,86665,88274,90434,90414,91664,91667,95135,95416,98900,99051,103156
25,42238,42834,43398,43927,43897,43969,43902,43809,43690,43125,42663,42344,42046,41767,41737,41646,41494,41278,40998,41740,42640,43365,44034,44713,45433,45883,46559,46626,46494,46997,47420,47987,48746,49425,50353,51321,52709,54273,54599,55849,58592,62113,60852,59674,58397,56690,63820,61738,61006,60399,59286,62482,62203,61323,60749,58153,65203,63929,63478,61966,61523,66607,67343,68173,69543,68875,74788,73687,71044,71190,70385,75493,74393,75472,73569,72846,73231,74790,72603,70473,60709,63183,61447,61753,61560,70798,71946,69592,70969,70568,71008,71796,71466,73404,74098,76351,74867,76641,75988,76752,79991,81303,80190,84114,86585,88227,91187,97680,102270,105159,101877,104631,102874,103580,100109,97686,91983,92194,90479,90545,92244,93924,96367,96434,98259,99863,102210,105645,108795,111530,111355,112082,109284,107269,104168,100893,97826,93780,89818,88356,85923,87512,88611,88776,90216,92182,92163,94850,95211,98016,100268,101829,101935
26,41138,41735,42302,42835,43330,43292,43378,43294,43186,43051,42537,42208,41899,41611,41341,41280,41157,40971,40721,40407,41204,41969,42546,43231,43863,44543,45072,45807,45782,46295,46773,47178,47798,48500,49157,50073,51072,52512,54098,54246,55559,58249,61916,60624,59445,58150,56477,63585,61476,60722,60183,58621,61774,61489,60646,60089,57522,64295,62189,62492,60982,61065,66104,66817,67658,68992,68340,74108,73005,70397,70541,70213,75214,74132,75199,73339,72617,72781,74518,72352,70190,60508,62735,60857,61366,61385,71037,72306,70093,71529,70855,71849,72530,72097,74170,74420,77147,75720,77574,76990,79302,81512,82707,81711,84765,86523,89028,92386,99076,104204,102428,102322,106213,104379,104406,99010,96897,91982,92408,90901,91457,93661,95437,97264,97561,99441,101266,103788,107329,110725,114569,115755,114498,111387,109151,105898,101616,98555,94945,91416,90089,89428,89807,90774,90754,92186,94063,95616,98907,98387,102894,103410,105164
27,40067,40664,41233,41769,42270,42734,42688,42786,42688,42563,42411,42072,41753,41454,41175,40917,40822,40667,40448,40165,39816,40614,41285,41780,42407,42994,43680,44277,45081,45536,46052,46529,46969,47577,48200,48909,49829,50822,52319,53949,53895,55258,57913,61681,60400,59182,57930,56290,63312,61233,60479,59503,57992,61086,60799,59989,59434,56853,62509,61210,61515,60556,60659,65609,66316,67112,68439,67817,73468,72353,69775,70345,69943,74898,73872,74929,73099,72372,72354,74277,72123,69926,60868,62291,60286,60986,61593,71492,72670,70621,71771,71552,72442,73073,72811,74432,75082,77857,76597,78543,77821,80694,82736,83719,82306,84765,87188,90540,93683,100792,101885,102746,103574,107249,105136,103103,98067,96780,91957,92789,91740,92949,95153,96395,98412,98841,101112,102943,105565,109421,113852,119332,118022,116606,113283,110794,106545,102470,99826,96475,93236,93835,91701,92031,92836,92667,94202,97889,100120,102254,103562,106243,106727
28,39759,39621,40191,40731,41236,41707,42137,42083,42196,42081,41941,41936,41606,41298,41008,40740,40491,40365,40176,39925,39608,39353,40053,40626,40948,41552,42170,42845,43503,44798,45241,45815,46288,46766,47337,47951,48659,49584,50586,52123,53733,53602,54917,57583,61431,60148,58988,57703,56077,63078,61007,59795,58833,57339,60424,60128,59324,58746,55341,61523,60236,61096,60130,60239,65073,65791,66587,67906,67264,72822,71725,69590,70084,69880,74625,73623,74694,72876,72150,71902,74042,71881,69693,61232,61848,59730,61192,61808,71932,73057,70836,72375,72009,72900,72675,72993,75024,75601,78715,77508,77954,79034,81804,83583,84119,82339,85272,88322,91521,95331,99146,101883,103736,104322,107787,103745,101765,97819,96804,92321,93443,92865,94220,96024,97389,99617,100309,102770,104666,107594,112264,118943,121593,120104,118294,114762,111419,107483,103570,101341,98228,96711,96016,93788,94049,94643,94856,97651,102113,103343,107052,106538,109218
29,39452,39306,39176,39718,40228,40704,41142,41540,41478,41604,41474,41465,41460,41140,40842,40563,40304,40065,39907,39686,39402,39103,38908,39529,39957,40148,40728,41345,41980,43239,44473,44937,45612,46075,46523,47122,47745,48388,49333,50326,51931,53434,53287,54575,57214,61218,59939,58755,57469,55853,62822,60301,59104,58158,56703,59749,59473,58631,57209,54668,60575,59854,60671,59743,59828,64592,65276,66035,67375,66691,72172,71565,69354,69993,69734,74368,73381,74458,72645,71952,71460,73830,71274,69503,61577,61400,59932,61302,62036,72425,73230,71328,72753,72426,73546,73904,73480,75381,76426,79607,76133,78984,80012,82601,83948,84146,82794,86256,89104,92773,94313,99022,102376,104212,104728,106063,102214,101260,97783,97145,92893,94608,94121,94968,96922,98468,100936,101809,104413,106582,110230,116950,120901,123486,121741,119704,115373,112096,108584,105180,103006,101274,98714,97924,95772,95745,96486,98153,101535,105179,107576,109784,109214
30,39149,38993,38853,38732,39245,39726,40171,40579,40943,40873,41013,41000,40990,40984,40676,40386,40117,39869,39639,39450,39196,38896,38627,38468,38926,39260,39298,39906,40509,41755,42976,44173,44706,45355,45853,46307,46890,47534,48133,49084,50042,51647,53148,52976,54221,56871,60981,59713,58519,57241,55703,62081,59615,58451,57514,56074,59097,58781,57196,56470,53969,60171,59429,60269,59340,59408,64055,64772,65512,66843,66179,71914,71315,69282,69846,69552,74142,73137,74237,72406,71731,71063,73187,70660,69298,61913,61606,59964,61446,62295,72615,73619,71520,72718,72137,72987,73642,73032,74757,75112,78373,77166,79795,80690,82902,83994,84490,83602,87042,90203,91281,94100,99291,102404,104552,103039,104129,101479,101140,98028,97796,93734,95572,94713,95760,97897,99608,102279,103281,106061,109149,114971,118802,122644,124950,122854,120258,115896,112864,109864,106731,106455,103206,100529,99740,97201,97454,99598,101732,104278,109133,110176,112363
31,38848,38682,38533,38401,38286,38772,39224,39638,40014,40347,40269,40538,40524,40515,40508,40210,39931,39671,39433,39215,38992,38656,38367,38188,38025,38375,38553,38529,39091,40333,41539,42715,43908,44418,45083,45634,46110,46689,47335,47894,48821,49732,51352,52843,52635,53896,56517,60744,59494,58308,57037,55117,61338,58917,57792,56859,55456,58395,57347,56436,55773,53589,59779,59009,59848,58903,58977,63593,64245,64958,66291,66000,71636,71257,69141,69700,69394,73876,72905,74012,72192,71528,70667,72550,70025,69096,62076,61763,60060,61573,62367,72927,73791,71577,72791,72459,73261,73809,73117,74796,75168,79273,77987,80352,80954,82922,84295,85042,84325,87824,89248,90889,94196,99128,102544,102712,101313,103253,101358,101335,98548,98447,94510,96094,95244,96603,98917,100754,103453,104680,108222,113993,116502,120210,123927,125898,123226,120630,116372,114142,110981,109545,108504,104961,102004,101133,98894,100260,102834,104099,106914,111458,112525
32,38549,38374,38216,38073,37948,37841,38299,38722,39107,39450,39750,39822,40063,40049,40040,40033,39744,39475,39226,38998,38789,38454,38119,37872,37668,37572,37802,37899,37723,38925,40133,41323,42496,43622,44158,44830,45390,45947,46494,47091,47629,48519,49460,51086,52511,52302,53561,56145,60529,59275,58136,56494,54606,60638,58258,57134,56238,54835,57011,56607,55703,55375,53210,59365,58593,59423,58516,58582,63090,63731,64449,66107,65742,71431,71101,68970,69542,69255,73612,72679,73801,72005,71722,70257,71912,69398,69278,62306,61992,60138,61585,62664,73053,73774,71612,73101,72713,73359,73876,73157,74428,76026,79949,78553,80580,80965,83196,84798,85521,84900,87333,88905,90675,93934,99220,100689,101145,100468,102975,101484,101754,98962,99027,94833,96567,96031,97562,100046,102048,104968,106641,112111,115266,117616,121118,124656,126273,123572,121130,117487,115133,114147,111177,110058,106380,103157,102462,101571,103326,105240,105935,108965,113602
33,37691,38069,37900,37749,37614,37495,37395,37826,38220,38574,38886,39310,39377,39588,39574,39564,39558,39279,39020,38781,38562,38271,37895,37591,37365,37180,37102,37247,37201,37518,38720,39926,41121,42219,43318,43885,44637,45190,45722,46259,46815,47334,48203,49149,50756,52152,51968,53237,55790,60314,59057,57574,55930,54040,59944,57598,56481,55577,53520,56251,55850,55341,55008,52857,58981,58188,59034,58112,58183,62588,63210,64246,65831,65622,71191,70913,68839,69403,69127,73395,72478,73629,71895,71898,69824,71269,69582,69474,62592,62165,60121,61837,62813,73038,73811,71895,73308,72775,73421,73896,72733,75304,76690,80430,78779,80580,81188,83636,85243,85906,84745,86963,88708,90048,93938,97466,98976,100361,100103,102898,101765,102231,99471,99280,95238,97194,96694,98425,101155,103250,106658,109680,113151,116426,118428,121740,124729,126380,124086,121968,118468,118058,115804,112496,111204,107566,104325,104833,104387,105316,106529,107893,110891
34,36852,37220,37588,37426,37282,37154,37043,36951,37353,37716,38041,38439,38872,38930,39114,39099,39088,39082,38813,38564,38335,38008,37704,37380,37068,36829,36659,36663,36686,36961,37324,38507,39775,40888,41949,42965,43632,44432,44950,45498,46014,46527,47056,47887,48848,50420,51838,51626,52871,55415,60079,58484,56994,55372,53490,59281,56959,55793,54348,52808,55499,55484,54941,54634,52473,58591,57810,58612,57719,57755,62050,63053,63980,65758,65446,70938,70760,68694,69274,68971,73136,72287,73460,71787,72095,69424,71458,69793,69710,62829,62212,60353,61923,62793,73049,74058,72076,73325,72829,73439,73373,73517,76006,77150,80592,78775,80775,81554,84008,85605,85973,84371,86671,88167,89885,92242,95876,98016,100039,99966,103086,102063,102569,99655,99533,95609,97794,97388,99300,102150,104730,109373,110624,114189,117178,118841,121858,124808,126852,124788,122728,120719,119484,116856,113553,112083,108633,106448,107345,106250,106297,108326,109780
35,36032,36390,36748,37108,36952,36815,36694,36591,36506,36880,37214,37585,37991,38432,38485,38639,38624,38614,38607,38347,38108,37736,37433,37138,36803,36522,36272,36182,36178,36357,36705,37100,38350,39588,40637,41670,42694,43368,44199,44721,45227,45678,46247,46772,47548,48542,50109,51516,51301,52514,55035,59502,57900,56398,54826,52993,58597,56286,54585,53627,52119,55098,55084,54592,54256,52108,58195,57409,58210,57307,57376,61744,62784,63876,65612,65257,70680,70618,68569,69119,68824,72886,71827,73330,71640,72247,69608,71667,70040,69870,62911,62689,61198,63256,64602,75029,75517,72991,73313,72932,73256,74223,74147,76468,77335,80571,78972,81073,81873,84294,85565,85581,84050,86125,88030,87989,90648,95039,97623,99887,100051,103269,102300,102471,99777,99818,96085,98382,98156,100305,103383,107366,110150,111367,114687,117592,118831,121706,124983,127363,125452,124258,121932,120574,117843,114268,113058,110389,108682,109019,106318,107982,110002
36,35229,35579,35928,36278,36627,36478,36348,36234,36138,36060,36406,36752,37130,37544,37994,38040,38164,38149,38138,38131,37882,37533,37129,36874,36584,36261,35965,35735,35677,35818,36008,36426,36900,38140,39400,40426,41403,42357,43113,43958,44455,44913,45375,45933,46453,47248,48228,49751,51178,50956,52186,54525,58917,57324,55839,54264,52433,57919,55052,53889,52902,51704,54713,54746,54209,53896,51767,57780,57013,57795,56867,57170,61493,62710,63698,65396,65090,70452,70451,68396,68988,68708,72233,71372,73172,71524,72321,69719,71892,70297,69907,63379,63246,61732,63638,64558,74705,75093,72512,73395,72579,74105,74916,74574,76651,77331,80747,79290,81314,82099,84411,85175,85260,83575,86002,86464,86337,89837,94660,97451,100006,100181,103292,102268,102575,99975,100229,96568,99149,98871,101441,104654,108017,110669,111749,114826,117580,118650,121639,125260,127704,126269,125633,122619,121398,118609,115089,114828,112539,110044,109432,107898,109624
37,34446,34786,35126,35466,35807,36147,36005,35881,35774,35686,35616,35938,36290,36675,37096,37554,37593,37689,37675,37663,37656,37323,36983,36569,36317,35992,35690,35424,35185,35302,35405,35677,36208,36707,37909,39217,40198,41162,42043,42840,43695,44134,44625,45081,45638,46130,46938,47884,49428,50806,50622,51666,53985,58313,56723,55308,53685,51902,56740,54365,53159,52515,51285,54377,54339,53846,53526,51401,57368,56591,57365,56700,56917,61141,62552,63499,65228,64918,70201,70311,68261,68861,68889,71622,70904,73017,71598,72482,69867,72099,70350,70372,63958,63796,62117,63580,64325,74272,74587,72067,73160,73422,74779,75373,74723,76638,77482,81006,79544,81500,82286,84048,84881,84819,83461,84343,84894,85363,89374,94485,97391,100087,100335,103173,102286,102702,100261,100616,97160,99815,99773,102726,105124,108520,110915,111893,114678,117241,118474,121911,125578,128802,127278,126426,123412,122042,119362,116704,116881,113949,110393,110965,109325
38,33534,34010,34342,34673,35005,35335,35666,35531,35414,35314,35233,35141,35469,35827,36220,36648,37116,37148,37215,37199,37187,37114,36751,36440,36003,35743,35405,35144,34890,34791,34906,35011,35349,35934,36488,37713,39008,39948,40881,41742,42527,43358,43813,44307,44744,45298,45805,46640,47530,49096,50469,50134,51133,53423,57725,56144,54770,53148,50962,55983,53626,52773,52122,50878,54001,53971,53466,53105,51016,56907,56173,57214,56413,56837,60828,62383,63324,65023,64735,69945,70166,68113,68677,69059,70940,70409,73092,71729,72639,70014,72122,70795,70928,64523,64157,62064,63334,64017,73763,74117,71798,73893,74054,75219,75502,74708,76792,77723,81191,79742,81677,82019,83747,84469,84673,82190,82894,83984,84925,89188,94486,97498,100147,100326,103137,102253,102903,100553,101107,97591,100621,100651,103113,105484,108642,110893,111723,114318,117013,118686,122162,126261,129753,127862,127013,123881,122599,120888,118681,118086,114281,111639,112234
39,32648,33093,33576,33899,34220,34543,34864,35185,35057,34947,34854,34746,34666,35000,35365,35765,36201,36676,36701,36740,36725,36718,36570,36221,35906,35432,35159,34869,34598,34546,34394,34530,34643,35012,35652,36297,37533,38830,39698,40579,41391,42176,43014,43492,43985,44385,44964,45455,46314,47173,48778,49941,49688,50637,52897,57149,55526,54185,52220,50394,55228,53258,52388,51692,50482,53645,53586,53055,52712,50602,56488,56043,56902,56307,56679,60550,62215,63156,64846,64523,69692,70018,67694,68512,69176,70303,70481,73203,71862,72820,70010,72565,71370,71493,64886,64069,61819,63027,64125,73289,73999,72566,74453,74485,75361,75462,74822,77039,77907,81321,80109,81334,81815,83442,84312,83432,80935,82096,83539,84690,89055,94523,97541,100043,100305,102967,102369,103083,100945,101512,98135,101510,100856,103368,105532,108572,110565,111420,114105,117133,118823,122600,127173,130323,128434,127438,124463,124043,122644,119845,118495,115406,112901
40,31783,32200,32652,33141,33454,33768,34081,34394,34705,34583,34481,34356,34259,34191,34531,34902,35310,35753,36237,36256,36265,36269,36196,36052,35677,35279,34884,34596,34310,34224,34114,34043,34172,34242,34654,35374,36100,37350,38623,39479,40286,41032,41875,42665,43139,43592,44017,44613,45134,45958,46808,48263,49389,49215,50088,52365,56553,54948,53181,51592,49780,54795,52858,52007,51293,50074,53250,53183,52669,52304,50227,56142,55754,56837,56157,56464,60239,62054,63026,64662,64342,69443,69431,67282,68336,69321,70375,70527,73292,71947,72812,69827,71749,69894,69335,62549,61948,60226,61852,62768,73929,74553,73134,74812,74609,75294,75580,75040,77229,78043,81404,79819,81008,81670,83290,83217,82232,80170,81756,83322,84600,89066,94577,97420,99994,100257,102985,102410,103362,101290,101946,98401,101649,101151,103445,105503,108211,110001,111172,114077,117269,119418,123281,127625,130725,128854,127942,125687,125778,123647,120508,119642,116465
41,30943,31332,31754,32211,32705,33010,33315,33619,33922,34224,34110,33970,33857,33772,33716,34062,34441,34854,35306,35798,35810,35738,35784,35708,35517,35106,34722,34305,34024,33950,33833,33763,33728,33782,33808,34329,35091,35930,37166,38407,39210,39921,40679,41514,42346,42779,43221,43678,44225,44803,45603,46339,47800,48901,48776,49610,51836,55960,54060,52582,50974,49313,54377,52480,51583,50878,49675,52870,52813,52238,51905,49998,55830,55719,56646,55948,56247,59945,61860,62831,64447,64156,68830,68822,66829,68103,69278,70402,70556,73397,71867,72593,69653,71527,69725,69247,62603,62093,60327,61805,62498,74386,74973,73509,74872,74541,75387,75783,75202,77362,78283,81073,79539,80793,81574,82192,82136,81520,79834,81563,83176,84542,89043,94363,97231,99838,100172,102973,102632,103544,101553,102350,98523,101700,101100,103414,105025,107865,109739,111133,114036,117049,119911,123718,127947,131091,129245,129205,127311,126811,124323,121658,120731
42,30124,30488,30881,31308,31769,32270,32567,32862,33157,33451,33744,33590,33461,33359,33286,33241,33593,33978,34399,34859,35359,35218,35214,35310,35195,34948,34532,34164,33740,33674,33563,33475,33414,33364,33381,33414,34008,34811,35727,36941,38163,38835,39580,40340,41139,41994,42444,42845,43313,43854,44429,45116,45837,47279,48414,48363,49100,51247,55055,53428,51961,50510,48856,54003,51999,51141,50432,49215,52495,52375,51842,51633,49698,55417,55553,56454,55752,56046,59623,61697,62675,64265,64036,68185,68163,66374,68062,69340,70400,70598,73316,71634,72356,69428,71339,69613,69292,62723,62185,60256,60850,62850,74713,75213,73595,74749,74594,75564,75948,75316,77687,78026,80748,79387,80610,80597,81220,81425,81092,79659,81490,83123,84545,88913,94142,97085,99764,100254,103195,102676,103739,101588,102326,98521,101546,100950,102922,104685,107666,109599,110968,114501,117636,120158,124015,128342,131506,130233,130632,128175,127707,125215,122677
43,29514,29666,30033,30430,30861,31328,31835,32123,32410,32695,32980,33213,33069,32951,32860,32799,32767,33124,33516,33944,34411,34767,34633,34733,34879,34670,34396,33948,33579,33397,33285,33191,33101,33039,32957,32988,33011,33693,34527,35492,36689,37809,38490,39227,39969,40759,41631,42075,42459,42953,43515,43942,44613,45369,46816,47914,47892,48522,50382,54347,52771,51499,50041,48383,53573,51575,50731,49998,48792,52055,51977,51598,51329,49462,55035,55364,56253,55555,55857,59250,61482,62480,64032,63877,67481,67493,66333,68046,69354,70456,70462,73058,71377,72080,69270,71178,69610,69318,62786,62102,59372,61161,63101,74885,75202,73487,74773,74778,75688,76052,75733,77349,77780,80528,79179,79649,79592,80544,81019,80771,79516,81458,83051,84303,88705,93905,96939,99711,100342,103155,102796,103613,101479,102239,98379,101401,100627,102509,104417,107503,109628,111332,115010,117887,120460,124046,128627,132610,131532,131536,129092,128544,126236
44,28917,29043,29207,29577,29978,30414,30887,31399,31678,31957,32233,32438,32682,32549,32442,32362,32311,32292,32655,33053,33489,33794,34137,34103,34238,34391,34157,33825,33419,33242,33019,32910,32834,32686,32642,32600,32642,32612,33362,34236,35271,36356,37446,38079,38876,39576,40381,41249,41725,42088,42620,43031,43457,44148,44896,46312,47404,47410,47741,49775,53685,52258,51039,49579,47892,53138,51154,50272,49551,48305,51650,51719,51254,51087,49179,54647,55176,56065,55356,55646,58874,61278,61929,63777,63724,66809,67452,66285,67998,69402,70343,70188,72765,71071,71831,69113,71147,69640,69350,62669,61457,59652,61364,63217,74862,75051,73515,74881,74912,75778,76476,75436,77020,77610,80302,78249,78757,78958,80118,80679,80593,79425,81377,82797,84032,88541,93741,96903,99719,100291,103216,102811,103442,101398,102051,98092,100933,100171,102287,104194,107220,110060,111768,115222,118068,120547,124365,129457,133819,132330,132442,129881,129382
45,28331,28434,28572,28749,29122,29527,29968,30446,30964,31235,31503,31682,31897,32151,32028,31932,31863,31825,31816,32186,32591,32938,33222,33546,33577,33696,33911,33623,33260,33055,32838,32666,32535,32402,32284,32251,32173,32182,32200,33016,33908,34920,35980,37053,37680,38477,39179,40008,40825,41305,41744,42092,42501,42967,43643,44411,45833,46832,46720,47170,49114,53254,51791,50587,49073,47388,52722,50705,49815,49062,47847,51299,51343,50996,50792,48857,54263,54975,55881,55132,55415,58523,60760,61351,63486,63546,66769,67375,66224,67969,69262,70141,70169,72816,71249,72088,69401,71437,69769,69370,62727,61676,59797,61438,63199,74685,75020,73630,74933,74959,75610,76153,75224,76780,77466,79390,77380,78136,78585,79839,80448,80456,79277,81045,82550,83816,88377,93618,96944,99627,100266,103112,102533,103212,101199,101816,97658,100493,99821,102112,104012,107605,110239,111936,115409,118190,120703,125085,130543,134626,133287,133048,130637
46,27757,27837,27950,28100,28290,28667,29076,29521,30004,30530,30791,30944,31130,31355,31620,31508,31422,31365,31338,31342,31717,32044,32377,32668,32959,33001,33139,33440,33102,32916,32634,32494,32308,32112,31998,31870,31848,31827,31811,31783,32598,33519,34563,35617,36659,37285,38078,38765,39568,40422,40886,41212,41577,42038,42457,43141,43901,45272,46061,46183,46568,48557,52778,51299,50061,48556,46847,52266,50242,49296,48564,47531,50948,51187,50709,50478,48540,53859,54765,55681,54914,55163,58455,60229,60778,63175,63333,66617,67220,66158,67799,69020,69934,69900,72584,71036,71861,69247,71220,69632,69497,62816,61783,59832,61331,63041,74626,75050,73688,74949,74820,75308,75935,75000,76509,76698,78477,76801,77754,78277,79641,80262,80253,78995,80698,82258,83674,88180,93583,96834,99528,100019,102757,102258,102825,100881,101279,97239,100225,99573,101893,104089,107735,110283,111872,115510,118305,121385,126095,131262,135525,133821,133681
47,27196,27253,27343,27466,27629,27832,28212,28625,29075,29563,30094,30222,30383,30579,30814,31090,30987,30913,30867,30851,30867,31141,31483,31843,32113,32332,32412,32606,32945,32673,32494,32279,32164,31916,31717,31602,31482,31445,31417,31388,31339,32210,33140,34137,35182,36218,36913,37673,38350,39165,40047,40396,40711,41061,41527,41918,42628,43387,44572,45480,45596,45998,47942,52279,50777,49544,48011,46296,51786,49742,48799,48221,47161,50491,50940,50367,50157,48228,53443,54513,55416,54679,55095,58340,59647,60177,62963,63212,66416,67117,65920,67528,68759,69599,69670,72295,70747,71608,69006,71046,69458,69547,62829,61774,59753,61153,62962,74627,75023,73653,74861,74468,75096,75574,74784,75698,75908,77773,76421,77370,78018,79381,80110,79895,78685,80314,82050,83445,88046,93344,96636,98985,99611,102457,101837,102511,100348,100682,96803,99998,99302,101809,104158,107839,110209,111804,115565,118754,122241,126533,131885,135997,134307
48,26729,26681,26749,26848,26984,27157,27373,27756,28174,28628,29122,29519,29654,29823,30028,30272,30559,30467,30403,30369,30364,30317,30601,30920,31308,31497,31712,31804,32061,32444,32205,32103,31890,31773,31527,31284,31207,31106,31039,30987,30946,30937,31801,32713,33735,34748,35800,36509,37203,37941,38739,39539,39865,40167,40527,40996,41421,42052,42675,44033,44855,45039,45448,47348,51771,50252,49010,47436,45745,51248,49228,48409,47818,46914,50061,50589,50054,49838,47868,52991,54282,55157,54388,55029,58194,59057,59976,62753,63015,66239,66883,65614,67234,68364,69334,69381,71957,70487,71304,68808,71043,69432,69484,62736,61626,59542,61026,62935,74552,74912,73600,74482,74233,74684,75319,74012,74894,75330,77312,76032,77097,77829,79134,79666,79580,78375,80072,81757,83279,87752,93163,96340,98596,99222,102103,101405,101873,99700,100237,96540,99707,99209,101951,104098,107785,110097,111791,115853,119488,122752,127131,132256,136470
49,26270,26187,26167,26243,26354,26500,26686,26915,27301,27722,28181,28522,28943,29085,29263,29476,29730,30028,29946,29893,29870,29801,29744,30035,30372,30703,30855,31054,31201,31546,31882,31767,31703,31476,31361,31104,30898,30823,30689,30638,30558,30565,30549,31399,32294,33282,34263,35406,36074,36711,37476,38197,39057,39329,39654,39993,40434,40828,41341,42087,43412,44381,44454,44854,46690,51224,49721,48417,46841,45149,50702,48793,47940,47487,46598,49559,50307,49744,49511,47525,52583,54011,54532,54076,54917,58044,58859,59743,62525,62817,65936,66497,65304,66821,68063,69000,69034,71621,70201,71044,68485,70865,69311,69332,62554,61375,59382,60945,62818,74405,74920,73200,74205,73860,74421,74604,73236,74328,74972,76925,75750,76809,77551,78730,79326,79245,78082,79751,81481,82942,87542,92787,95796,98115,98694,101587,100766,101152,99156,99880,96178,99458,99157,101742,104027,107513,109972,111976,116389,119720,123087,127385,132614
50,25819,25703,25646,25653,25739,25860,26017,26214,26455,26845,27271,27559,27921,28368,28518,28702,28926,29189,29498,29426,29384,29241,29175,29129,29429,29757,30083,30205,30364,30683,30985,31358,31281,31308,31031,30868,30643,30476,30397,30261,30175,30083,30115,30134,30970,31834,32829,33803,34917,35574,36253,36903,37673,38490,38801,39090,39443,39846,40166,40819,41456,42974,43870,43849,44258,45999,50678,49139,47815,46210,44529,49910,48291,47584,47112,46206,49095,49959,49417,49115,47110,52133,53191,53874,53725,54767,57850,58598,59434,62339,62514,65578,66190,65081,66701,67950,68845,68872,71552,70142,71208,68286,70627,69105,69096,62318,61135,59268,60761,62679,73952,74562,72959,73790,73557,73731,73848,72689,73870,74603,76593,75485,76536,77128,78305,78923,78946,77793,79547,81214,82654,86985,92225,95284,97630,98157,100839,100064,100647,98738,99449,95879,99357,98936,101621,103845,107339,109934,112390,116589,120047,123289,127630
51,25376,25227,25135,25104,25139,25234,25364,25533,25743,25997,26391,26630,26937,27321,27792,27949,28142,28374,28648,28967,28905,28764,28567,28557,28565,28817,29147,29454,29550,29885,30159,30527,30804,30772,30864,30566,30407,30240,30034,29956,29799,29721,29626,29593,29690,30482,31376,32347,33295,34435,35073,35677,36352,37101,37947,38276,38494,38809,39124,39575,40161,40962,42443,43344,43134,43616,45299,50050,48546,47121,45598,44059,49371,47786,47177,46659,45825,48587,49609,49038,48719,46714,51580,52334,53159,53348,54401,57543,58336,59241,62001,62128,65207,65801,64749,66324,67555,68520,68599,71222,70106,70907,68055,70359,68857,68793,62100,60952,59065,60564,62470,73451,74243,72527,73400,72833,73056,73233,72177,73362,74247,76284,75097,76112,76685,77858,78495,78513,77467,79143,80871,82043,86281,91704,94672,96995,97364,100035,99451,100210,98181,98908,95697,99012,98605,101258,103527,107265,110344,112471,116665,120147,123354
52,24940,24762,24636,24568,24563,24625,24730,24870,25049,25272,25538,25733,25989,26315,26720,27216,27381,27582,27823,28106,28435,28177,28090,27901,27933,27971,28202,28476,28758,29060,29292,29615,29977,30229,30209,30360,30079,29978,29761,29586,29429,29312,29223,29168,29132,29221,29977,30901,31835,32796,33931,34496,35090,35769,36508,37370,37655,37882,38073,38500,38908,39515,40470,41944,42768,42483,42931,44565,49413,47857,46484,45103,43523,48229,47260,46669,46245,45420,48056,49205,48610,48275,46407,50985,51387,52383,52993,54070,57196,57924,58864,61586,61699,64804,65410,64326,65876,67190,68156,68287,70918,69758,70505,67700,70010,68510,68426,61909,60723,58831,60301,62119,72982,73784,72164,72708,71955,72416,72711,71710,72956,73860,75888,74569,75588,76130,77406,78035,78088,77012,78743,80063,81348,85794,91193,94024,96216,96557,99565,98813,99622,97922,98692,95296,98656,98294,100917,103299,107476,110352,112578,116703,120128
53,24214,24306,24148,24044,24000,24021,24111,24225,24376,24567,24800,24867,25076,25348,25693,26120,26641,26812,27022,27271,27564,27733,27494,27413,27236,27223,27334,27532,27809,28209,28506,28741,29113,29371,29645,29649,29857,29594,29497,29263,29060,28898,28832,28700,28674,28562,28763,29495,30359,31292,32290,33342,33907,34484,35112,35873,36754,37010,37140,37446,37828,38273,38866,39985,41357,42171,41786,42245,43808,48725,47200,46015,44511,43065,47398,46699,46180,45807,44970,47458,48776,48212,47918,46056,50398,50458,52034,52622,53768,56852,57485,58427,61092,61221,64382,64963,63876,65484,66807,67817,67594,70447,69339,70043,67321,69587,68131,68132,61629,60413,58627,59949,61823,72372,73379,71369,71922,71265,71896,72207,71320,72568,73470,75303,74054,75043,75603,76881,77588,77543,76512,77882,79270,80731,85126,90588,93122,95387,95926,98956,98165,99240,97666,98271,94915,98225,97877,100693,103438,107389,109975,112449,116616
54,23509,23555,23671,23534,23454,23433,23479,23596,23720,23881,24083,24098,24195,24418,24707,25071,25520,26065,26244,26461,26720,26956,27016,26807,26743,26519,26564,26699,26892,27201,27579,27949,28195,28511,28765,29020,29111,29348,29098,28942,28696,28482,28375,28265,28172,28127,28033,28232,28926,29795,30728,31720,32713,33300,33872,34513,35253,36132,36174,36485,36778,37224,37636,38225,39448,40777,41569,41095,41512,42948,48019,46710,45369,44076,42528,46475,46064,45700,45271,44533,46845,48342,47651,47509,45633,49743,50122,51667,52266,53444,56436,56981,57912,60593,60758,63837,64548,63434,65086,66432,67230,67110,69968,68897,69552,66876,69168,67766,67749,61273,60154,58237,59679,61471,71867,72638,70648,71203,70675,71354,71721,70880,72087,72863,74668,73479,74498,75014,76335,77000,76952,75312,76949,78622,80084,84484,89580,92229,94559,95262,98200,97575,98942,97202,97840,94465,97774,97512,100715,103251,107046,109769,112270
55,22824,22829,22897,23035,22921,22863,22867,22938,23082,23216,23387,23355,23396,23524,23761,24066,24448,24920,25490,25676,25901,26121,26270,26324,26096,25997,25846,25879,26005,26313,26544,26999,27337,27640,27866,28169,28424,28545,28836,28586,28336,28074,27907,27798,27667,27564,27618,27494,27673,28359,29243,30153,31132,32086,32667,33264,33866,34571,35305,35486,35759,36124,36587,36942,37538,38831,40189,40883,40346,40785,42145,47342,46047,45077,43591,41974,45572,45482,45186,44720,43959,46269,47308,47039,47053,45183,49412,49682,51159,51810,52941,56039,56575,57641,60180,60282,63317,63869,62720,64216,65599,66697,66615,69379,68343,69061,66448,68709,67360,67352,60871,59702,57949,59377,61090,71001,71839,69999,70617,70088,70826,71155,70314,71430,72257,73977,72896,73859,74390,75704,76306,76136,74358,76287,77901,79307,83649,88605,91563,93798,94582,97400,97251,98352,96627,97318,93959,97203,97334,100381,102808,106680,109541
56,22158,22127,22150,22239,22401,22306,22271,22299,22396,22568,22710,22635,22626,22695,22852,23103,23425,23826,24320,24914,25108,25256,25460,25619,25649,25339,25203,25100,25148,25427,25677,25925,26368,26713,27059,27239,27537,27797,27970,28272,27981,27735,27520,27302,27203,27034,27025,27009,26903,27061,27830,28600,29559,30468,31426,32037,32610,33166,33768,34587,34768,35038,35404,35898,36183,36830,38254,39532,40193,39549,39956,41444,46584,45743,44529,43029,41385,44656,44837,44601,44153,43436,45560,46288,46345,46560,44616,48953,49227,50759,51321,52448,55516,56021,56998,59561,59631,62643,63290,62169,63724,65057,66089,66010,68770,67742,68499,65982,68139,66887,66912,60361,59263,57569,58926,60376,70169,71046,69345,69979,69404,70300,70550,69651,70715,71544,73269,72190,73236,73607,74960,75313,75095,73523,75556,77167,78335,82663,87748,90827,92983,93608,96872,96576,97746,96004,96590,93484,97038,97031,99816,102454,106284
57,21514,21446,21429,21471,21580,21766,21692,21680,21732,21855,22054,21939,21884,21898,21992,22181,22445,22783,23205,23719,24339,24450,24561,24784,24893,24840,24601,24430,24318,24542,24760,25039,25287,25650,26040,26452,26566,26873,27139,27337,27631,27302,27108,26884,26673,26547,26422,26390,26379,26320,26485,27184,27952,28920,29796,30789,31300,31872,32370,33047,33805,34082,34293,34671,35134,35474,36119,37615,38899,39382,38750,39353,40691,45851,45187,43985,42389,40782,43669,44136,44014,43552,43040,44869,45198,45634,45975,44119,48453,48699,50210,50814,51853,54942,55391,56371,58935,58986,62009,62683,61532,63151,64432,65453,65426,68149,67111,67933,65390,67529,66470,66289,59874,58714,57092,58255,59622,69291,70330,68750,69256,68803,69718,69755,68919,69925,70802,72431,71492,72374,72764,74182,74206,74289,72741,74714,76064,77269,81841,86999,89967,92026,92976,96141,95898,97058,95258,95982,93197,96660,96471,99391,102053
58,20461,20787,20733,20732,20791,20921,21131,21079,21088,21164,21313,21265,21167,21132,21169,21291,21509,21788,22142,22582,23118,23652,23738,23899,24115,24142,23968,23775,23614,23721,23839,24137,24442,24630,24938,25330,25797,25945,26229,26465,26603,26941,26635,26460,26221,25991,25883,25776,25758,25695,25744,25825,26530,27302,28198,29138,30127,30552,30994,31593,32254,33070,33363,33554,33845,34362,34721,35350,36894,38108,38632,38158,38549,39999,45060,44613,43353,41821,40148,42642,43402,43461,43060,42639,44051,44092,45060,45440,43605,47819,48145,49622,50251,51261,54245,54695,55744,58208,58320,61358,62057,60935,62443,63738,64720,64780,67491,66467,67286,64808,67058,65780,65723,59270,58233,56395,57575,58978,68494,69610,68075,68581,68157,68937,69002,68162,69176,70012,71663,70609,71524,71493,73071,73318,73440,71926,73692,75026,76497,81106,86095,88970,91438,92217,95440,95170,96255,94561,95523,92767,95807,95934,98813
59,19461,19705,20062,20020,20034,20112,20262,20496,20465,20497,20597,20489,20477,20396,20381,20441,20590,20837,21130,21501,21960,22488,22908,23044,23171,23361,23365,23156,22931,22983,22993,23224,23511,23725,23841,24235,24631,25151,25251,25503,25612,25870,26203,25903,25745,25465,25301,25207,25115,25013,25025,25069,25203,25849,26638,27493,28417,29299,29717,30181,30776,31520,32281,32590,32767,33090,33576,33906,34514,36162,37341,38005,37268,37981,39225,44246,44024,42723,41185,39453,41605,42701,42771,42520,42118,43231,43537,44506,44756,43213,47183,47477,49005,49635,50486,53491,53973,54994,57461,57674,60617,61345,60256,61718,63040,64020,64149,66789,65721,66545,64233,66297,65130,65049,58678,57483,55676,56911,58295,67624,68849,67325,67833,67273,68068,68162,67320,68417,69236,70790,69792,70608,70438,72150,72408,72578,70889,72676,74131,75659,80240,84881,88283,90701,91450,94564,94373,95479,94024,95001,91934,95237,95429
60,18508,18682,18948,19335,19307,19337,19433,19604,19861,19850,19905,19744,19666,19688,19625,19629,19712,19887,20166,20472,20860,21335,21780,22151,22296,22416,22559,22479,22266,22208,22171,22276,22535,22777,22959,23083,23540,23935,24463,24514,24660,24826,25130,25449,25180,24935,24695,24502,24496,24412,24326,24294,24379,24496,25142,25908,26729,27625,28438,28898,29366,29964,30693,31515,31698,31917,32317,32694,33107,33623,35427,36433,37105,36776,37249,38402,43367,43396,42029,40474,38744,40516,41905,42092,41894,41580,42689,42883,44032,44063,42617,46585,46887,48471,49074,49976,52923,53285,54312,56685,56832,59881,60524,59475,60983,62201,63186,63382,65997,64940,65768,63435,65473,64318,64258,57751,56668,55010,56168,57513,66715,68082,66576,66889,66403,67080,67207,66383,67491,68151,69760,68783,69443,69538,71184,71439,71455,69937,71871,73209,74727,79239,84128,87467,89872,90499,93571,93489,94753,93237,93965,91100,94346
61,17603,17714,17903,18193,18610,18595,18640,18754,18946,19226,19237,19028,18891,18841,18900,18853,18877,18985,19186,19494,19815,20169,20651,21061,21431,21472,21619,21752,21622,21546,21453,21391,21536,21741,22008,22193,22365,22790,23221,23714,23743,23862,24007,24316,24641,24343,24143,23907,23744,23777,23649,23549,23584,23619,23825,24420,25143,25910,26696,27604,28022,28580,29144,29886,30634,30821,31100,31435,31831,32217,32699,34432,35650,36642,36118,36437,37520,42532,42698,41267,39688,37972,39814,41052,41294,41206,40707,41974,42370,43104,43362,41952,45875,46200,47666,48261,49087,52050,52451,53416,55740,56019,59067,59629,58615,60185,61418,62321,62576,65081,64140,64782,62691,64564,63507,63281,56819,55860,54252,55419,56722,65874,67351,65528,65946,65456,66136,66238,65458,66531,67224,68783,67673,68540,68500,70181,70400,70534,69150,71123,72417,73449,78434,83391,86602,88938,89642,92775,92872,94046,92113,93158,90368
62,16742,16798,16920,17124,17436,17883,17882,17943,18074,18287,18591,18341,18151,18037,18017,18110,18081,18126,18257,18483,18822,19100,19411,19956,20363,20610,20621,20858,20996,20852,20748,20698,20655,20710,20946,21207,21421,21574,21998,22423,22860,22891,23124,23144,23522,23790,23506,23335,23112,22947,22991,22846,22807,22840,22937,23093,23723,24346,24979,25813,26741,27223,27728,28351,29009,29756,29925,30184,30480,30836,31343,31877,33598,34682,35984,35388,35661,36677,41656,41932,40524,38884,37494,39072,40138,40441,40340,39905,41454,41324,42352,42577,41298,45101,45392,46808,47389,48270,51162,51486,52515,54893,55155,58144,58744,57696,59352,60552,61433,61718,64206,63222,63823,61896,63665,62434,62236,55926,55042,53489,54628,56001,64999,66225,64481,64898,64473,65117,65197,64391,65468,65791,67565,66629,67551,67416,69070,69245,69438,68196,70112,71339,72570,77610,82516,85655,87989,88665,91982,92146,92851,91252,92331
63,15420,15933,15994,16126,16345,16680,17158,17169,17246,17396,17629,17680,17444,17273,17184,17193,17322,17309,17374,17528,17782,18005,18304,18660,19301,19621,19766,19775,19937,20166,19916,19989,19898,19835,19897,20111,20384,20659,20803,21187,21528,22028,22080,22238,22283,22640,22945,22616,22465,22263,22159,22178,22083,22022,22039,22168,22360,22878,23426,24112,24905,25932,26291,26882,27377,28106,28845,28956,29271,29477,29890,30400,30941,32472,33695,35202,34610,34832,35753,40612,41090,39644,37984,36992,38240,39197,39590,39513,39404,40378,40564,41518,41827,40576,44238,44569,45883,46491,47371,50205,50560,51625,53926,54250,57185,57804,56790,58432,59621,60459,60805,63166,62313,62811,61003,62604,61361,61276,55051,54137,52689,53820,55199,63981,65166,63450,63870,63455,64132,64184,63417,64145,64767,66551,65580,66566,66263,67973,68267,68489,67255,69201,70443,71695,76675,81567,84715,87082,87829,91126,90879,91965,90285
64,14202,14625,15125,15191,15331,15567,15924,16431,16457,16549,16717,16709,16769,16547,16396,16331,16369,16533,16538,16623,16800,16941,17125,17546,17958,18561,18788,18896,18931,19078,19258,19107,19166,18998,18996,19075,19303,19599,19807,20020,20273,20599,21208,21165,21366,21334,21765,22055,21709,21495,21358,21277,21384,21256,21169,21195,21380,21494,21960,22525,23196,24046,24999,25400,25891,26442,27189,27865,28016,28243,28505,28947,29482,29971,31396,32627,34458,33769,33878,34682,39559,40243,38294,37037,36278,37377,38374,38625,38840,38531,39505,39668,40613,40952,39730,43286,43618,44904,45604,46408,49011,49643,50659,52852,53296,56135,56817,55830,57402,58546,59430,59716,62114,61258,61742,60039,61453,60363,60279,54190,53329,51901,53050,54274,62951,64113,62456,62864,62440,63185,63264,62137,63095,63867,65633,64622,65502,65269,67054,67338,67553,66079,68235,69644,70776,75765,80626,83810,86195,86975,90003,89878,90894
65,13082,13427,13830,14316,14387,14537,14789,15168,15706,15744,15851,15795,15790,15858,15651,15518,15477,15545,15744,15766,15871,15974,16063,16276,16707,17150,17819,17959,17976,18014,18164,18340,18250,18280,18136,18114,18273,18460,18757,18966,19091,19460,19674,20255,20273,20375,20461,20804,21113,20783,20585,20425,20440,20520,20423,20364,20362,20509,20591,21072,21605,22310,23140,24150,24431,24895,25503,26151,26900,26955,27185,27538,27901,28502,29003,30202,31631,33711,32846,32926,33552,38494,38427,36856,35947,35543,36594,37430,37650,37702,37680,38489,38657,39646,39911,38805,42218,42546,43921,44605,45344,48052,48590,49584,51831,52157,55003,55763,54777,56299,57396,58267,58646,60926,60163,60454,58837,60177,59149,59144,53149,52356,51023,52046,53261,61648,62840,61170,61657,61180,62019,61938,60964,61929,62605,64434,63380,64254,64133,65903,66259,66171,65011,67215,68539,69659,74771,79507,82776,85110,85562,88767,88611
66,12049,12330,12652,13035,13506,13583,13743,14010,14412,14979,15032,14935,14875,14871,14947,14755,14641,14624,14721,14956,14995,15014,15073,15166,15420,15826,16311,17010,17069,17089,17021,17208,17387,17264,17362,17213,17277,17420,17632,17918,17978,18186,18547,18706,19288,19276,19387,19475,19813,20120,19840,19643,19510,19479,19598,19527,19486,19422,19499,19670,20123,20720,21318,22216,23139,23402,23932,24448,25100,25799,25927,26160,26449,26930,27497,27922,29052,30536,32800,31879,31839,32492,36597,36612,35305,34856,34534,35552,36381,36712,36721,36550,37501,37628,38581,38940,37795,41238,41539,42978,43540,44362,46917,47413,48506,50600,51019,53866,54589,53566,55131,56159,57125,57471,59757,58783,59151,57689,58910,58018,57972,52191,51412,50030,51100,52235,60477,61686,60018,60586,60152,60882,60800,59886,60876,61514,63300,62298,63322,63237,64872,65111,65212,64043,66224,67607,68763,73910,78623,81839,83772,84466,87718
67,11097,11325,11579,11876,12240,12698,12778,12949,13231,13655,14254,14123,14017,13954,13952,14035,13858,13763,13771,13897,14167,14139,14038,14182,14259,14487,14925,15438,16209,16114,16033,16120,16285,16375,16288,16446,16352,16406,16545,16742,16930,17071,17247,17508,17759,18316,18243,18369,18534,18756,19123,18831,18700,18605,18522,18695,18613,18501,18429,18498,18743,19226,19667,20387,21212,22138,22396,22881,23332,23969,24728,24930,25074,25511,25869,26312,26830,27835,29343,31844,30824,30800,31835,34644,34651,33672,33866,33486,34461,35241,35639,35598,35519,36437,36480,37559,37860,36729,40154,40471,41897,42463,43221,45742,46224,47317,49344,49783,52641,53251,52320,53858,54917,55869,56199,58407,57451,57847,56577,57709,56854,56879,51211,50380,49091,50125,51206,59264,60563,58911,59512,59276,59730,59726,58917,59886,60482,62262,61440,62469,62305,63636,64166,64322,63157,65424,66822,67959,73083,77627,80459,82815,83488
68,10429,10403,10600,10827,11102,11445,11889,11974,12154,12453,12900,13358,13215,13101,13033,13033,13124,12962,12887,12917,13073,13246,13172,13117,13286,13339,13564,14009,14535,15213,15046,15068,15177,15266,15312,15335,15503,15488,15489,15660,15727,15971,16166,16279,16503,16719,17326,17201,17300,17488,17707,18060,17786,17662,17614,17541,17770,17630,17417,17411,17520,17839,18252,18733,19334,20176,21163,21299,21752,22170,22824,23620,23737,24076,24458,24714,25200,25765,26488,28121,30810,29863,29695,31109,32538,32619,32715,32693,32312,33294,34119,34401,34504,34378,35309,35378,36446,36713,35740,38975,39307,40768,41296,41979,44467,44975,46037,48052,48430,51252,51859,51028,52555,53650,54501,54837,57006,56129,56532,55341,56457,55676,55745,50134,49319,48085,49071,50123,58086,59431,57781,58460,58225,58720,58685,57886,58843,59450,61267,60539,61512,61170,62605,63278,63366,62318,64549,65958,67112,72222,76417,79492,81881
69,9800,9740,9708,9876,10076,10326,10651,11081,11170,11360,11674,12044,12462,12306,12184,12113,12113,12213,12065,12010,12063,12187,12294,12241,12193,12362,12430,12640,13035,13625,14198,14053,14142,14224,14215,14296,14385,14628,14562,14582,14609,14759,15064,15143,15325,15452,15737,16220,16200,16212,16395,16690,17052,16737,16630,16648,16561,16716,16505,16381,16377,16586,16858,17330,17761,18344,19186,20060,20219,20580,21067,21680,22464,22807,22974,23273,23597,24035,24598,25148,26870,29772,28363,28533,30225,30408,31691,31439,31396,31151,32141,32762,33219,33311,33119,34118,34181,35174,35546,34671,37694,38187,39471,39989,40680,43047,43622,44679,46694,47009,49817,50377,49662,51193,52287,53052,53443,55611,54707,55169,54108,55218,54480,54503,49034,48231,47083,48037,49020,56959,58263,56157,57321,57184,57578,57555,56837,57767,58546,60275,59581,60434,60242,61701,62378,62429,61466,63710,65097,66255,71032,75469,78467
70,9209,9344,9480,9615,9751,9887,10022,10158,10293,10429,10565,10621,10677,10734,10791,10848,10904,10961,11018,11074,11132,11273,11414,11556,11697,11840,11981,12122,12264,12405,12548,13101,13069,13140,13124,13216,13367,13417,13667,13651,13570,13613,13762,14072,14134,14294,14478,14700,15193,15088,15181,15336,15656,15933,15685,15607,15587,15461,15605,15448,15309,15466,15581,15991,16299,16739,17289,18027,18968,19067,19446,19898,20457,21349,21642,21810,22120,22422,22780,23370,23741,25631,27869,26786,27208,29354,29543,30349,30060,30215,29931,30842,31548,31968,32052,31886,32822,32764,33908,34224,33542,36452,36862,38102,38694,39310,41687,42227,43235,45140,45491,48288,48910,48298,49785,50799,51528,51987,54112,53330,53706,52803,53865,53154,53235,47817,47119,45991,46927,47900,55704,57079,54918,56098,56003,56375,56394,55705,56842,57539,59213,58633,59275,59287,60706,61418,61486,60612,62850,64194,65110,70109,74421
71,8653,8743,8834,8925,9016,9107,9198,9289,9380,9471,9562,9632,9704,9774,9846,9916,9988,10058,10130,10200,10272,10348,10424,10500,10576,10652,10728,10804,10880,10956,11033,11542,12073,12034,12124,12110,12263,12385,12449,12754,12606,12565,12662,12784,13089,13062,13270,13413,13621,14102,14057,14081,14314,14552,14852,14582,14560,14443,14347,14469,14312,14301,14454,14616,14978,15293,15682,16226,16903,17734,17951,18243,18710,19393,20183,20421,20672,20976,21198,21539,22021,22444,23978,25897,25055,25880,27660,28122,28893,28770,28894,28591,29518,30167,30611,30711,30527,31474,31559,32643,32957,32330,35071,35471,36719,37281,37850,40115,40714,41716,43571,43924,46745,47312,46773,48291,49294,49987,50479,52541,51814,52204,51416,52368,51813,51963,46623,45899,44901,45873,46740,54557,55739,53764,54944,54739,55139,55229,54641,55736,56392,58050,57393,58279,58234,59669,60442,60505,59683,61888,63071,64165,69140
72,8132,8183,8236,8287,8340,8393,8444,8497,8548,8601,8654,8735,8818,8901,8983,9066,9148,9230,9313,9396,9479,9518,9559,9600,9639,9680,9721,9760,9801,9842,9883,10078,10566,10983,10982,11100,11173,11308,11419,11485,11710,11605,11674,11637,11789,11995,12044,12255,12298,12586,13016,12938,13061,13221,13448,13753,13556,13405,13192,13190,13381,13271,13202,13465,13589,13975,14329,14597,15136,15716,16572,16853,17020,17620,18265,18956,19254,19481,19726,19920,20166,20738,21315,22248,23723,23318,24387,26199,26710,27427,27437,27440,27215,28148,28797,29220,29322,29150,30115,30290,31420,31606,30965,33505,33985,35224,35786,36430,38584,39049,40065,41943,42316,45059,45658,45224,46615,47661,48363,48864,50914,50237,50662,49895,50912,50363,50493,45346,44640,43751,44586,45692,53109,54387,52450,53582,53430,53928,54059,53543,54607,55518,56790,56344,57206,57167,58651,59348,59527,58694,60596,62137,63236
73,7069,7108,7149,7189,7229,7269,7310,7349,7390,7430,7471,7567,7663,7760,7856,7954,8050,8146,8243,8339,8437,8462,8488,8515,8540,8567,8593,8618,8645,8671,8698,8991,9167,9550,9905,9972,10180,10244,10316,10429,10440,10715,10635,10686,10690,10803,11005,11088,11249,11253,11559,11882,11925,11983,12173,12422,12657,12443,12231,12105,12164,12360,12179,12256,12443,12594,13049,13260,13514,13968,14632,15416,15565,15894,16501,17005,17740,18087,18268,18397,18583,18915,19484,20191,20390,21580,21973,22957,24732,25147,25988,25853,26000,25799,26747,27287,27703,27881,27773,28816,28984,29923,30105,29528,32059,32485,33673,34274,34842,36831,37385,38310,40258,40664,43310,43917,43523,44997,45912,46684,47160,49208,48561,48919,48285,49296,48814,48946,44014,43310,42484,43234,44399,51596,53013,51052,52180,52069,52726,52756,52330,53574,54250,55524,55180,56127,56060,57576,58330,58383,57563,59563,61088
74,6146,6175,6206,6236,6267,6297,6328,6358,6389,6419,6450,6555,6661,6767,6872,6978,7084,7189,7295,7401,7508,7519,7531,7543,7556,7568,7579,7592,7604,7616,7629,7863,8145,8196,8548,8886,9014,9220,9381,9356,9309,9485,9789,9635,9753,9610,9816,9996,10073,10128,10266,10475,10875,10858,10927,11114,11378,11525,11284,11116,11058,11115,11264,11228,11177,11395,11633,11929,12230,12422,12919,13463,14273,14463,14816,15248,15722,16445,16848,16912,17042,17253,17558,18160,18944,18567,20337,20573,21505,23241,23650,24374,24319,24518,24393,25196,25726,26131,26445,26327,27298,27498,28326,28471,28063,30401,30921,32101,32652,33175,35088,35624,36649,38533,39044,41513,42119,41842,43141,44120,44838,45392,47444,46710,47253,46613,47600,47137,47338,42600,41969,41196,41895,43066,50096,51485,49499,50667,50703,51394,51455,51199,52197,52985,54245,54003,54948,54879,56407,57141,57108,56476,58471
75,5343,5364,5387,5409,5432,5455,5477,5500,5522,5545,5568,5679,5791,5902,6014,6125,6237,6348,6460,6571,6683,6676,6671,6665,6660,6654,6648,6642,6637,6631,6626,6792,7101,7313,7261,7604,7962,8082,8338,8460,8299,8375,8589,8812,8710,8709,8619,8843,9017,9059,9116,9208,9476,9868,9800,9903,10054,10226,10421,10158,10053,10069,10030,10313,10210,10155,10429,10617,10890,11085,11407,11787,12303,13090,13344,13617,14046,14530,15078,15610,15565,15739,16016,16214,16692,17710,17497,18928,19205,20020,21772,22009,22768,22606,22787,22849,23537,24128,24703,24993,24834,25833,25853,26623,26919,26481,28751,29296,30282,30910,31498,33342,33829,34879,36720,37214,39606,40219,40011,41277,42351,42945,43531,45564,44842,45388,44889,45903,45480,45682,40992,40504,39798,40511,41704,48509,49924,47892,49186,49299,49962,50182,49733,50792,51634,52905,52696,53761,53642,55141,55831,55882,55399
76,4645,4660,4677,4693,4709,4725,4742,4757,4774,4790,4807,4921,5035,5149,5263,5377,5491,5605,5719,5833,5948,5934,5921,5908,5895,5883,5869,5856,5843,5830,5818,5834,6015,6255,6461,6447,6815,7103,7226,7515,7400,7436,7475,7587,7890,7744,7766,7690,7871,8040,8096,8156,8271,8475,8818,8843,8886,8993,9103,9337,9139,9073,9049,9087,9276,9188,9237,9338,9577,9824,10073,10345,10640,11266,11954,12154,12427,12810,13203,13732,14259,14359,14517,14748,14723,15255,16027,16134,17540,17813,18622,20040,20375,21048,21015,21224,21290,21913,22644,23151,23299,23323,24189,24090,25047,25191,24875,27060,27564,28485,29183,29717,31477,31993,33094,34902,35326,37682,38230,38114,39374,40438,41068,41501,43627,42873,43456,43116,43995,43675,43922,39442,39053,38411,39083,40195,46791,48189,46314,47614,47796,48679,48682,48259,49419,50259,51527,51358,52403,52245,53666,54492,54606
77,4038,4049,4060,4071,4082,4094,4105,4116,4127,4138,4150,4263,4378,4492,4607,4722,4836,4951,5065,5180,5295,5278,5262,5247,5230,5215,5199,5182,5167,5151,5136,5071,5075,5204,5456,5677,5656,6024,6170,6351,6597,6514,6597,6597,6657,6965,6850,6805,6791,6962,7190,7174,7238,7341,7544,7855,7893,7837,7927,8035,8308,8216,7987,8134,8088,8300,8259,8243,8351,8536,8894,9033,9303,9616,10219,10717,11010,11297,11497,11919,12364,13101,13201,13393,13349,13320,13805,14646,14773,15977,16479,17002,18495,18754,19364,19357,19559,19649,20416,21120,21345,21681,21690,22331,22542,23202,23514,23282,25238,25739,26677,27298,27927,29587,30172,31235,32977,33468,35677,36197,36125,37277,38490,39027,39620,41616,40927,41463,41222,42110,41720,41929,37816,37406,36863,37505,38642,45125,46355,44647,45993,46308,46939,47149,46765,47924,48710,50079,49893,50898,50741,52205,53102
78,3419,3431,3444,3457,3470,3483,3496,3509,3522,3535,3549,3628,3707,3786,3866,3945,4024,4104,4183,4262,4343,4355,4367,4379,4392,4404,4416,4429,4441,4453,4467,4397,4392,4326,4455,4761,4966,4988,5222,5336,5470,5751,5728,5749,5783,5759,6066,5974,5937,5897,6092,6272,6289,6327,6459,6642,6906,6914,6903,6921,7050,7341,7129,7109,7155,7172,7351,7296,7297,7384,7622,7865,8047,8263,8632,9106,9584,9921,10151,10279,10585,11123,11887,12033,12024,12064,12054,12533,13322,13425,14591,14928,15544,16830,17201,17659,17660,17907,18122,18758,19423,19754,19864,19923,20588,20800,21371,21790,21615,23357,23904,24818,25459,26067,27761,28230,29266,31034,31585,33630,34084,33985,35240,36370,37025,37641,39633,38916,39452,39351,40022,39917,40045,36189,35810,35285,35920,37062,43232,44499,42929,44524,44581,45265,45581,45217,46351,47258,48647,48364,49211,49266,50688
79,2895,2908,2922,2936,2950,2964,2978,2992,3006,3020,3034,3086,3139,3192,3244,3297,3350,3402,3455,3508,3562,3593,3625,3657,3689,3721,3752,3784,3816,3848,3880,3805,3806,3668,3677,3844,4117,4297,4314,4508,4535,4660,4959,4879,4995,4885,4976,5222,5187,5139,5162,5322,5462,5434,5491,5671,5746,6018,5955,5946,5983,6090,6294,6277,6164,6263,6285,6421,6457,6346,6532,6669,6848,7156,7371,7539,8057,8490,8824,8953,9018,9444,9972,10656,10814,10752,10917,10759,11260,11965,12136,13121,13518,13962,15233,15511,15954,16103,16315,16578,17138,17801,18002,17993,18282,18852,19005,19704,19948,19904,21513,21996,23078,23500,24208,25748,26245,27292,28923,29583,31457,31942,31828,33079,34232,34861,35501,37473,36804,37380,37259,38157,37961,38045,34504,34127,33658,34252,35377,41328,42568,41573,42639,42743,43560,43911,43508,44649,45640,47086,46609,47562,47639
80,2451,2465,2479,2494,2508,2523,2537,2551,2566,2580,2595,2627,2660,2692,2725,2758,2791,2823,2856,2888,2922,2948,2976,3004,3031,3059,3086,3113,3141,3169,3197,3213,3183,3201,3062,3052,3273,3520,3688,3720,3760,3845,3959,4181,4189,4175,4181,4247,4467,4400,4374,4397,4592,4642,4696,4728,4855,4887,5171,5055,5078,5189,5196,5489,5376,5307,5422,5413,5586,5550,5598,5624,5704,6057,6324,6449,6672,7090,7410,7721,7776,8020,8337,8895,9316,9617,9733,9656,9518,10028,10761,10801,11753,12021,12525,13712,13781,14308,14555,14705,15053,15547,16078,16215,16346,16583,17126,17359,17808,18138,18109,19602,20099,21195,21593,22369,23820,24274,25256,26926,27525,29207,29682,29671,30929,32016,32667,33340,35196,34576,35145,34878,36045,35777,36083,32673,32229,31872,32453,33580,39272,41041,39440,40652,40885,41650,42130,41697,42907,43815,45134,44801,45802
81,2075,2088,2103,2117,2132,2146,2161,2175,2190,2204,2219,2236,2254,2272,2290,2308,2325,2343,2361,2379,2397,2411,2426,2440,2455,2471,2485,2500,2514,2529,2545,2665,2653,2555,2622,2523,2572,2775,2965,3133,3119,3139,3200,3350,3521,3463,3525,3489,3592,3733,3707,3633,3751,3861,3942,3979,3982,4081,4161,4392,4309,4284,4341,4481,4691,4588,4544,4625,4663,4781,4798,4759,4732,4964,5251,5377,5636,5769,6122,6385,6665,6811,6985,7313,7708,8066,8209,8518,8476,8282,8850,9454,9554,10390,10621,11016,12049,12284,12766,12938,13101,13616,13820,14284,14569,14633,14898,15428,15613,16145,16359,16432,17795,18317,19363,19707,20433,21916,22297,23259,24828,25314,26936,27438,27545,28723,29814,30421,31149,32886,32243,33270,32724,33866,33579,33891,30677,30313,30062,30596,31661,37460,38809,37392,38617,38829,39713,40207,39830,40990,41698,43201,42904
82,1757,1770,1785,1798,1813,1827,1841,1855,1869,1883,1898,1904,1911,1918,1925,1932,1938,1945,1952,1959,1966,1976,1986,1997,2007,2018,2028,2038,2049,2059,2071,2036,2229,2155,2033,2133,2069,2134,2303,2461,2586,2539,2564,2622,2764,2868,2863,2891,2919,3000,3141,3016,3022,3146,3228,3301,3336,3353,3425,3483,3657,3624,3515,3718,3749,3989,3916,3807,3917,3943,4113,4044,3945,4036,4223,4424,4636,4860,4942,5163,5411,5785,5858,5988,6199,6707,6884,7038,7395,7351,7214,7681,8225,8281,9042,9328,9574,10649,10796,11234,11379,11666,12047,12139,12664,12853,12909,13184,13707,13861,14420,14637,14829,16049,16533,17578,17887,18541,19897,20383,21227,22610,23205,24529,25320,25342,26494,27557,28088,28766,30506,29877,30813,30493,31582,31285,31649,28639,28366,28163,28548,30106,35156,36581,35334,36440,36779,37579,38102,37789,38773,39678,41091
83,1345,1355,1366,1377,1387,1398,1409,1419,1430,1441,1452,1454,1458,1462,1465,1469,1472,1475,1479,1483,1487,1504,1523,1542,1560,1579,1598,1616,1635,1654,1673,1629,1615,1781,1720,1615,1741,1729,1779,1904,1998,2199,2050,2052,2146,2226,2358,2337,2356,2369,2459,2538,2491,2475,2574,2647,2722,2722,2734,2803,2871,3042,2917,2953,3070,3079,3350,3262,3150,3200,3295,3428,3344,3319,3388,3505,3767,3939,4098,4072,4274,4538,4903,5015,4912,5211,5726,5775,6007,6333,6336,6153,6555,7057,7141,7798,7971,8261,9350,9384,9860,9954,10063,10400,10670,11086,11270,11339,11522,12081,12199,12707,12998,13163,14378,14822,15770,16169,16635,17981,18299,19127,20469,21021,22333,23152,23048,24270,25197,25729,26405,27927,27470,28394,28179,29195,28906,29389,26545,26350,26267,27100,28054,32765,34250,33059,34250,34570,35447,35872,35442,36563,37419
84,1031,1038,1046,1053,1062,1070,1077,1086,1093,1101,1110,1111,1113,1114,1116,1118,1119,1121,1122,1124,1126,1152,1179,1206,1232,1259,1286,1312,1339,1366,1394,1313,1304,1228,1367,1336,1303,1459,1409,1488,1545,1668,1802,1632,1642,1684,1779,1867,1873,1883,1925,1962,2084,2044,1983,2099,2170,2183,2206,2199,2255,2383,2456,2367,2408,2493,2547,2682,2676,2537,2639,2703,2845,2745,2735,2770,2921,3104,3262,3370,3326,3561,3731,4076,4157,3999,4448,4713,4904,5106,5439,5311,5213,5551,5971,6046,6625,6798,7033,8039,8057,8554,8468,8546,9034,9191,9594,9814,9742,9990,10509,10633,11223,11435,11546,12684,13040,14063,14346,14834,16051,16342,17024,18260,18957,20115,20890,20911,22011,22934,23305,24053,25428,25163,26094,25843,26743,26524,26956,24449,24302,24549,25003,25847,30432,31810,30836,31929,32246,33119,33332,33241,34228
85,789,794,800,806,812,818,824,830,836,842,849,848,849,848,849,850,849,850,849,850,851,869,888,908,927,947,966,985,1005,1024,1044,1065,1039,973,913,1060,1060,1042,1176,1167,1193,1229,1370,1455,1275,1262,1304,1426,1472,1472,1507,1475,1590,1632,1640,1573,1704,1714,1757,1752,1770,1823,1897,2014,1892,1924,2013,2038,2173,2086,2115,2068,2185,2298,2246,2164,2242,2417,2516,2675,2738,2794,2920,3033,3280,3437,3414,3602,4021,4083,4273,4450,4394,4324,4628,4977,4985,5608,5795,6004,6773,6857,7197,7094,7272,7721,7837,8229,8352,8342,8549,8991,9170,9691,9897,10100,11076,11456,12337,12608,13029,14130,14440,15096,16288,16930,17992,18813,18787,19775,20461,21016,21752,23004,22793,23614,23420,24305,24076,24622,22335,22627,22395,22709,23765,27973,29263,28533,29363,29821,30419,30858,30813
86,604,607,612,617,621,626,631,635,640,645,650,648,648,647,647,647,645,645,644,644,644,656,668,680,692,704,716,728,740,752,765,755,803,780,708,690,835,809,822,926,922,909,936,1095,1176,969,976,1031,1101,1157,1179,1169,1146,1239,1245,1306,1232,1324,1343,1395,1390,1402,1403,1541,1568,1494,1563,1561,1606,1714,1694,1678,1637,1754,1859,1737,1716,1814,1884,1992,2135,2193,2237,2371,2344,2603,2680,2730,3049,3170,3372,3451,3708,3573,3556,3767,4081,4113,4742,4774,4992,5651,5601,5896,5968,6071,6433,6626,6846,7055,7021,7170,7658,7805,8335,8500,8656,9604,9907,10694,10981,11385,12289,12557,13280,14275,14936,15945,16701,16643,17403,18213,18752,19428,20614,20381,21126,20888,21837,21705,22104,20554,20414,20224,20595,21565,25570,26710,26105,26893,27111,27883,28261
87,463,466,469,472,475,480,483,486,489,492,497,495,494,493,492,492,490,489,488,487,487,496,507,517,527,538,548,558,568,579,590,562,554,585,586,526,507,636,624,642,713,691,697,705,868,902,720,747,774,854,923,886,908,862,971,949,1013,960,1021,1017,1092,1103,1072,1104,1188,1227,1171,1188,1238,1242,1356,1275,1222,1295,1405,1413,1379,1373,1437,1464,1553,1721,1728,1760,1796,1773,2027,2089,2253,2424,2535,2653,2815,2964,2864,2849,2997,3228,3346,3829,3857,4111,4559,4465,4845,4897,4927,5352,5452,5662,5891,5816,6071,6406,6578,7104,7123,7369,8164,8457,9068,9373,9900,10526,10820,11578,12386,13172,13917,14556,14466,15465,15970,16572,17127,18236,17927,18632,18482,19309,19275,20163,18285,18166,18161,18436,19341,22982,24116,23570,24018,24525,25201
88,336,338,341,344,347,350,353,356,359,362,366,362,359,357,354,352,348,345,343,340,338,348,358,368,378,388,398,408,418,428,439,437,418,389,422,446,392,386,465,486,489,540,526,519,538,648,704,518,540,574,641,668,681,673,644,751,700,758,700,737,770,839,808,836,834,938,972,861,932,926,979,1009,971,939,992,1093,1102,1060,1053,1098,1102,1225,1346,1328,1272,1346,1383,1560,1703,1694,1908,1961,2132,2203,2303,2209,2223,2361,2600,2696,3012,3154,3287,3576,3624,3881,3899,4039,4315,4427,4633,4752,4800,4999,5310,5477,5879,5991,6178,6842,7092,7606,7873,8369,8986,9228,9898,10605,11380,12023,12419,12586,13365,13754,14396,14798,15857,15577,16347,16177,16978,17459,17741,16023,16068,16122,16318,17179,20426,21420,20733,21432,21912
89,244,246,248,251,254,257,259,262,265,267,271,267,263,259,256,252,248,245,241,237,235,245,256,268,278,290,301,311,323,334,346,331,316,287,261,302,325,289,288,353,335,356,408,388,373,393,498,515,372,388,445,470,491,496,497,494,555,516,557,511,545,572,627,588,613,629,708,715,649,675,707,719,770,733,735,726,847,857,801,765,819,872,930,1047,969,942,1049,1039,1214,1291,1321,1474,1525,1614,1709,1771,1674,1716,1862,2065,2121,2421,2430,2463,2860,2833,3060,3100,3171,3433,3522,3727,3865,3864,4084,4353,4439,4871,4943,5172,5665,5826,6358,6500,7028,7505,7756,8357,8961,9616,10043,10604,10643,11395,11824,12249,12640,13561,13329,13963,13989,15090,15103,15383,13932,13987,14085,14315,15108,17906,18441,18326,18815
90,178,180,182,184,186,188,190,192,194,196,200,195,191,188,184,181,177,173,170,166,163,170,178,186,194,202,209,217,225,233,241,240,241,207,184,184,224,235,211,214,230,233,256,301,273,270,284,362,372,280,308,322,330,351,366,360,344,391,388,384,384,409,404,491,428,448,478,513,529,480,511,507,496,568,562,531,511,637,638,578,560,621,651,690,734,679,735,789,801,862,987,997,1132,1161,1222,1294,1327,1273,1341,1376,1492,1658,1873,1825,1891,2150,2191,2424,2376,2456,2707,2740,2942,3014,3043,3317,3442,3587,3974,3990,4210,4619,4765,5119,5361,5740,6197,6434,6921,7420,7953,8609,8957,8913,9582,9781,10224,10541,11337,11213,11821,12216,12892,12806,13149,11906,12012,12102,12219,12969,15045,15892,15717
91,129,130,132,134,136,138,139,141,143,145,148,144,141,137,134,130,127,123,120,116,113,115,118,121,124,128,130,133,136,139,143,183,179,163,141,125,115,148,169,155,157,169,173,177,225,186,186,199,261,246,214,206,237,218,242,252,263,243,258,281,271,259,297,302,358,311,336,328,373,377,370,346,347,357,444,409,388,377,459,453,403,442,434,477,444,500,486,523,579,597,633,710,741,846,842,888,957,970,955,1028,1015,1130,1218,1390,1383,1394,1640,1642,1806,1811,1896,2093,2077,2296,2337,2381,2582,2748,2831,3125,3124,3344,3672,3791,4092,4373,4531,5020,5163,5603,5930,6286,7073,7309,7290,7768,7928,8355,8587,9248,9187,10001,10114,10682,10680,11033,10029,10086,10238,10257,10569,12673,13411
92,94,94,96,97,99,101,102,104,105,107,109,105,102,99,96,94,90,87,84,81,79,80,82,83,85,86,88,89,91,92,95,92,136,134,106,95,86,79,108,113,108,99,120,116,118,162,133,124,129,169,149,150,141,168,152,169,179,187,177,179,192,198,173,217,214,274,231,225,236,265,267,241,234,236,249,320,292,270,254,313,308,316,317,292,333,295,357,342,385,413,454,443,507,518,626,605,646,697,718,696,718,759,811,871,1029,1019,1012,1214,1236,1355,1346,1400,1605,1619,1787,1808,1807,2022,2085,2194,2394,2453,2594,2833,3023,3235,3409,3589,3974,4144,4407,4802,5050,5596,5883,5833,6165,6281,6713,6831,7430,7761,8144,8221,8815,8778,9174,8337,8348,8443,8089,8782,10399
93,67,67,68,69,70,71,72,72,74,74,76,73,71,68,66,63,61,58,56,53,51,51,52,53,55,56,57,59,60,61,63,62,64,106,92,70,67,50,60,74,66,77,68,90,77,81,118,93,79,89,93,109,107,91,115,97,119,121,125,124,122,147,132,125,150,151,197,150,157,158,172,196,174,165,164,170,233,205,172,170,209,202,218,212,175,243,211,252,242,244,288,300,314,363,364,432,445,460,522,524,522,541,531,587,621,710,725,745,846,924,1019,989,1032,1181,1196,1328,1326,1410,1486,1610,1672,1793,1873,1948,2198,2367,2478,2606,2747,3086,3187,3542,3760,3934,4426,4635,4513,4827,4947,5276,5418,6200,6192,6500,6723,7080,7166,7485,6719,6788,6540,6541,7026
94,48,48,48,48,50,50,50,52,52,52,54,51,49,47,45,43,40,38,36,34,33,34,36,37,39,40,42,43,45,46,49,44,40,42,81,69,47,45,36,36,41,45,51,37,56,57,52,88,60,55,59,68,84,81,60,77,66,79,78,84,78,78,107,90,85,96,105,144,105,98,111,119,144,123,106,119,121,161,137,118,110,130,146,139,135,110,174,143,196,171,155,204,230,206,251,251,298,324,310,378,354,356,358,361,421,439,490,506,515,582,644,728,698,734,869,888,945,1002,1047,1126,1166,1221,1325,1363,1486,1625,1796,1847,1990,2080,2302,2493,2690,2838,3003,3423,3544,3469,3673,3753,4116,4451,4853,4778,5159,5357,5668,5704,5978,5310,5002,5170,5125
95,34,34,34,34,34,35,35,35,35,35,37,35,33,31,30,28,26,25,23,21,21,21,21,21,22,23,23,24,24,24,26,34,28,23,27,61,47,29,26,27,24,28,30,33,20,38,37,42,59,40,37,42,44,64,60,41,49,44,54,53,50,57,57,76,64,50,69,74,96,66,72,67,90,107,85,67,78,74,116,102,77,83,93,101,75,81,78,117,100,105,115,86,142,151,143,163,162,212,216,206,235,242,228,249,238,293,291,329,334,337,396,437,523,466,534,617,625,692,715,748,805,839,883,945,994,1092,1156,1325,1359,1472,1517,1702,1826,1990,2138,2258,2581,2645,2587,2687,2832,3242,3370,3647,3714,3946,4198,4415,4487,4706,3765,3881,3891
96,25,25,25,25,25,25,25,25,25,25,27,25,23,22,21,20,18,17,16,14,14,12,12,12,11,11,10,9,9,9,9,20,24,18,14,18,43,30,21,15,15,16,15,19,23,12,26,28,27,36,22,25,26,28,47,36,24,29,26,34,32,32,41,45,58,44,31,43,53,61,46,50,37,62,81,57,39,52,44,68,58,53,52,66,56,34,49,47,84,60,68,71,55,85,91,88,98,117,148,148,137,158,144,145,183,161,195,185,215,212,217,260,291,356,308,376,420,432,501,496,511,575,575,627,687,710,781,821,923,986,1029,1133,1255,1365,1455,1553,1640,1860,1931,1873,2002,2232,2371,2493,2747,2785,3034,3230,3375,3435,3071,2803,2825
97,17,20,22,24,24,23,21,16,17,15,18,22,24,26,27,27,24,18,16,11,9,11,8,16,11,10,9,3,5,7,5,4,12,18,13,6,12,32,16,13,9,11,11,7,13,11,5,18,19,16,14,12,15,20,19,37,24,9,18,16,21,22,19,28,35,38,30,16,31,36,30,29,35,24,47,52,40,27,31,25,41,34,37,31,45,30,20,38,27,40,46,49,36,32,50,56,52,56,77,96,77,85,99,84,94,109,115,130,121,135,135,140,171,205,236,223,248,295,304,357,339,337,384,392,416,477,489,563,565,627,676,794,792,897,981,1001,1119,1169,1304,1387,1347,1486,1597,1671,1839,2022,2115,2314,2424,2558,2114,2219,1962
98,11,14,16,16,17,17,15,12,8,10,12,15,17,18,19,19,17,14,8,8,7,7,10,7,12,7,6,5,5,4,5,3,3,6,14,10,3,8,17,9,7,5,9,5,5,8,6,2,11,10,10,11,9,12,13,14,28,15,4,13,13,16,11,13,18,25,31,19,10,18,17,23,26,27,21,33,42,28,17,17,15,19,20,22,16,32,18,10,28,25,21,29,34,25,20,28,30,24,32,45,46,51,54,59,56,56,70,83,83,84,83,84,87,107,141,144,153,178,199,221,219,243,229,235,266,259,319,328,395,361,425,501,564,546,615,675,674,762,848,910,983,986,1051,1119,1185,1342,1516,1587,1731,1811,1413,1484,1500
99+,7,9,11,12,12,12,11,8,5,2,8,9,12,13,13,13,12,10,6,2,5,6,5,8,5,8,5,2,3,2,4,3,3,2,4,10,6,3,6,8,5,6,3,6,4,4,7,4,1,6,7,7,7,6,8,9,11,20,7,3,8,9,9,7,10,12,16,19,9,4,10,11,16,18,17,16,25,29,19,12,9,11,14,15,12,19,19,19,18,21,24,22,35,35,31,22,25,41,36,35,56,60,55,55,61,60,74,98,97,100,106,101,112,107,117,130,154,181,209,238,272,295,322,303,296,307,301,349,366,429,405,654,720,806,886,1043,1126,1148,1275,1393,1545,1659,1780,1896,2098,2308,2715,3130,3563,4132,2237,2306,2314
